id_commande,date_achat,etat_client,categorie,categorie_en,nb_articles,prix_articles_brl,frais_port_brl,montant_total_brl,delai_livraison_j
40599d3d,2017-01-05,PR,pet_shop,pet_shop,1,11.9,8.72,20.62,11
743cc56c,2017-01-11,PR,eletroportateis,small_appliances,1,97.99,19.28,117.27,6
df6e0cd0,2017-01-16,MG,automotivo,auto,1,345.0,27.64,372.64,7
ecfdcaa1,2017-01-17,PB,moveis_decoracao,furniture_decor,1,59.9,24.62,84.52,9
4a571f5e,2017-01-19,MG,automotivo,auto,1,35.0,14.72,49.72,12
d62c1488,2017-01-19,PA,market_place,market_place,1,62.9,24.93,87.83,10
90bf0d00,2017-01-19,MG,moveis_decoracao,furniture_decor,1,49.0,16.05,65.05,7
b96f5299,2017-01-26,RJ,relogios_presentes,watches_gifts,1,1299.0,24.3,1323.3,60
67d0c933,2017-01-26,RJ,telefonia,telephony,2,26.0,29.04,55.04,10
47378b46,2017-01-27,SP,livros_interesse_geral,books_general_interest,1,124.99,19.15,144.14,10
749a31c1,2017-01-27,RS,beleza_saude,health_beauty,1,23.9,16.05,39.95,9
329465da,2017-01-27,RJ,moveis_escritorio,office_furniture,1,199.98,25.0,224.98,17
a6cd683d,2017-01-28,BA,beleza_saude,health_beauty,1,589.9,20.0,609.9,12
1a4bf675,2017-01-29,RJ,cama_mesa_banho,bed_bath_table,1,69.9,18.0,87.9,7
9846cae2,2017-01-30,SP,utilidades_domesticas,housewares,2,166.4,50.0,216.4,7
f6089c47,2017-01-31,MG,cama_mesa_banho,bed_bath_table,1,109.99,17.51,127.5,8
586992f5,2017-01-31,SP,relogios_presentes,watches_gifts,1,2999.0,17.01,3016.01,2
4d7b9370,2017-01-31,RJ,moveis_decoracao,furniture_decor,2,83.8,35.56,119.36,6
d5cf2633,2017-02-01,SP,moveis_decoracao,furniture_decor,1,176.99,49.89,226.88,6
b3c8c0dd,2017-02-01,SP,cama_mesa_banho,bed_bath_table,1,29.9,11.74,41.64,7
e77f09ad,2017-02-02,RS,cool_stuff,cool_stuff,1,399.0,55.8,454.8,32
b7ef1124,2017-02-02,SP,automotivo,auto,1,59.9,16.12,76.02,5
5d389775,2017-02-03,PR,esporte_lazer,sports_leisure,1,19.9,14.52,34.42,6
721e8baf,2017-02-03,MG,eletrodomesticos_2,home_appliances_2,1,15.99,14.12,30.11,5
09c10324,2017-02-03,SP,malas_acessorios,luggage_accessories,1,109.9,14.94,124.84,11
726714fe,2017-02-03,BA,cool_stuff,cool_stuff,1,25.0,20.8,45.8,6
d170580d,2017-02-05,RJ,telefonia,telephony,1,131.99,18.05,150.04,8
bb780b0e,2017-02-05,SP,instrumentos_musicais,musical_instruments,1,290.47,14.61,305.08,10
8ca35ef9,2017-02-05,SP,beleza_saude,health_beauty,1,49.9,12.93,62.83,10
dbb31ed9,2017-02-06,SP,beleza_saude,health_beauty,1,65.0,14.22,79.22,4
c9677a4b,2017-02-06,SC,eletroportateis,small_appliances,1,14.99,17.78,32.77,8
5d8e9c0a,2017-02-06,SP,esporte_lazer,sports_leisure,1,24.9,10.96,35.86,7
e3433a7c,2017-02-06,SP,moveis_decoracao,furniture_decor,1,69.9,17.23,87.13,5
4a484c46,2017-02-06,SP,esporte_lazer,sports_leisure,1,238.9,16.93,255.83,16
a8c012ba,2017-02-06,RJ,utilidades_domesticas,housewares,1,26.9,14.52,41.42,6
ee0accd3,2017-02-07,SP,moveis_decoracao,furniture_decor,1,99.0,33.73,132.73,6
6706f390,2017-02-07,RS,pet_shop,pet_shop,1,45.0,15.65,60.65,21
71d85c2d,2017-02-07,PB,fashion_bolsas_e_acessorios,fashion_bags_accessories,1,49.9,24.84,74.74,13
2deb1706,2017-02-07,MG,fashion_bolsas_e_acessorios,fashion_bags_accessories,1,24.9,10.96,35.86,6
a1284e7f,2017-02-08,SP,bebes,baby,1,40.0,10.96,50.96,1
e20d0dab,2017-02-08,RJ,automotivo,auto,1,139.0,23.96,162.96,11
49b40d05,2017-02-09,RJ,automotivo,auto,1,650.0,92.88,742.88,6
3237c01c,2017-02-10,SP,automotivo,auto,1,17.9,10.96,28.86,6
c1c7631c,2017-02-11,SP,esporte_lazer,sports_leisure,1,65.0,11.06,76.06,9
4ac0414d,2017-02-11,RJ,moveis_decoracao,furniture_decor,1,97.69,16.38,114.07,11
e73c4ecd,2017-02-12,MG,cama_mesa_banho,bed_bath_table,1,159.9,21.2,181.1,9
b6d3f75a,2017-02-12,ES,papelaria,stationery,1,94.9,14.83,109.73,8
dab4d0e2,2017-02-13,RN,brinquedos,toys,3,151.7,74.62,226.32,11
ae22ff58,2017-02-13,GO,fashion_calcados,fashion_shoes,2,69.8,41.6,111.4,9
44924b3c,2017-02-14,PI,pet_shop,pet_shop,1,679.99,41.72,721.71,23
ffa9f4ba,2017-02-14,SP,perfumaria,perfumery,1,9.9,10.96,20.86,9
ad4c4ee1,2017-02-14,RO,informatica_acessorios,computers_accessories,1,20.9,24.84,45.74,16
0b83b48c,2017-02-15,PE,beleza_saude,health_beauty,1,69.9,20.94,90.84,8
e70564a3,2017-02-15,SP,ferramentas_jardim,garden_tools,1,126.99,17.04,144.03,4
b4862368,2017-02-16,SP,informatica_acessorios,computers_accessories,1,22.0,10.96,32.96,13
d24e85d6,2017-02-16,SP,cama_mesa_banho,bed_bath_table,2,49.98,23.48,73.46,12
54b20598,2017-02-16,SP,informatica_acessorios,computers_accessories,1,209.9,18.21,228.11,4
5dc4353e,2017-02-17,MG,cama_mesa_banho,bed_bath_table,1,154.9,22.69,177.59,11
7013bcfc,2017-02-18,SP,non_renseignee,not_specified,1,49.99,15.53,65.52,10
a011a4e5,2017-02-19,SP,cama_mesa_banho,bed_bath_table,1,78.99,14.32,93.31,3
a5b43109,2017-02-20,RJ,perfumaria,perfumery,1,219.9,12.15,232.05,3
721c8ce6,2017-02-20,RS,consoles_games,consoles_games,1,343.4,16.57,359.97,10
f5c752a7,2017-02-21,SP,brinquedos,toys,1,64.9,9.51,74.41,17
df85c824,2017-02-21,DF,pcs,computers,1,3549.0,53.47,3602.47,7
8526252e,2017-02-21,RJ,telefonia,telephony,1,69.0,14.89,83.89,16
ae27a50c,2017-02-21,SC,brinquedos,toys,1,49.9,15.7,65.6,9
fefecf93,2017-02-22,RJ,esporte_lazer,sports_leisure,1,148.9,27.47,176.37,8
c9f82228,2017-02-24,SP,utilidades_domesticas,housewares,1,6.0,10.96,16.96,11
5f76e267,2017-02-24,SC,ferramentas_jardim,garden_tools,1,39.9,14.52,54.42,16
9fff2635,2017-02-25,PA,moveis_decoracao,furniture_decor,1,99.0,26.95,125.95,17
6e916417,2017-02-28,SP,moveis_decoracao,furniture_decor,2,65.8,62.88,128.68,9
740878f3,2017-02-28,MG,moveis_decoracao,furniture_decor,3,74.25,46.68,120.93,14
05709f85,2017-03-01,GO,cama_mesa_banho,bed_bath_table,1,159.9,27.55,187.45,15
ed4d57b2,2017-03-01,SP,cool_stuff,cool_stuff,1,129.99,11.52,141.51,8
e2dc8a03,2017-03-02,SP,cama_mesa_banho,bed_bath_table,1,69.9,11.88,81.78,4
ed03eb86,2017-03-02,RJ,beleza_saude,health_beauty,1,15.75,14.52,30.27,6
ce322da0,2017-03-02,SC,eletroportateis,small_appliances,1,129.0,49.42,178.42,13
389b5ea8,2017-03-02,MG,moveis_decoracao,furniture_decor,1,59.9,15.63,75.53,19
a8403ba7,2017-03-03,MG,brinquedos,toys,1,109.9,15.98,125.88,5
6bce4e87,2017-03-03,SP,moveis_decoracao,furniture_decor,1,47.0,11.74,58.74,11
068b0c2c,2017-03-03,RJ,utilidades_domesticas,housewares,1,159.99,67.82,227.81,16
674e1f5c,2017-03-04,SP,utilidades_domesticas,housewares,1,54.99,10.99,65.98,27
137e9582,2017-03-04,RS,esporte_lazer,sports_leisure,1,29.99,16.05,46.04,12
c224a880,2017-03-05,RJ,cama_mesa_banho,bed_bath_table,1,89.99,20.71,110.7,12
e1d102f1,2017-03-05,PR,livros_interesse_geral,books_general_interest,1,15.12,15.56,30.68,17
cfa77ac0,2017-03-06,RJ,relogios_presentes,watches_gifts,1,49.0,14.52,63.52,6
0dbd1183,2017-03-07,MG,cama_mesa_banho,bed_bath_table,1,69.9,15.7,85.6,13
59a547ac,2017-03-07,SP,market_place,market_place,1,249.9,16.86,266.76,6
3d09c01f,2017-03-08,MG,malas_acessorios,luggage_accessories,1,59.9,20.5,80.4,5
d496c768,2017-03-08,SP,beleza_saude,health_beauty,1,116.0,11.42,127.42,12
19e985f2,2017-03-08,BA,perfumaria,perfumery,1,284.99,22.44,307.43,28
12246bc7,2017-03-08,RS,utilidades_domesticas,housewares,1,49.99,18.63,68.62,7
abc2ac9a,2017-03-09,PI,audio,audio,1,190.0,27.59,217.59,20
7553daeb,2017-03-09,MA,perfumaria,perfumery,1,56.99,24.89,81.88,26
2105771f,2017-03-10,BA,beleza_saude,health_beauty,2,190.0,42.24,232.24,20
c6eff530,2017-03-10,SP,consoles_games,consoles_games,1,59.0,14.58,73.58,6
c07db2ec,2017-03-10,MG,papelaria,stationery,1,17.9,20.43,38.33,11
57683137,2017-03-10,RS,moveis_decoracao,furniture_decor,1,176.99,96.63,273.62,16
a8542953,2017-03-10,AM,brinquedos,toys,2,171.79,51.07,222.86,25
4324f321,2017-03-11,RJ,cama_mesa_banho,bed_bath_table,1,98.99,20.77,119.76,9
a427db09,2017-03-11,MG,telefonia,telephony,1,124.0,15.04,139.04,12
370e2e6c,2017-03-11,SP,ferramentas_jardim,garden_tools,1,79.9,15.77,95.67,18
966dc9ff,2017-03-13,SP,brinquedos,toys,1,104.99,20.81,125.8,7
908e9be1,2017-03-13,SP,ferramentas_jardim,garden_tools,2,138.0,28.5,166.5,8
dc2c8a5d,2017-03-14,SP,papelaria,stationery,1,598.0,12.56,610.56,2
fe586a85,2017-03-15,RS,ferramentas_jardim,garden_tools,1,34.9,16.05,50.95,16
08a8e107,2017-03-15,SP,cool_stuff,cool_stuff,1,152.0,12.45,164.45,7
6d7a8679,2017-03-15,SP,automotivo,auto,1,238.9,20.97,259.87,5
35b63215,2017-03-15,PR,ferramentas_jardim,garden_tools,1,34.9,14.52,49.42,6
02b63408,2017-03-16,SP,esporte_lazer,sports_leisure,1,189.9,49.85,239.75,11
0307d42d,2017-03-16,RJ,cool_stuff,cool_stuff,2,130.0,22.47,152.47,5
17a7c618,2017-03-16,PB,ferramentas_jardim,garden_tools,1,34.9,24.84,59.74,21
fe10aeba,2017-03-17,SP,cool_stuff,cool_stuff,1,449.0,21.73,470.73,13
42aaabf3,2017-03-17,RJ,ferramentas_jardim,garden_tools,2,279.8,30.3,310.1,13
40fea2b6,2017-03-17,PR,esporte_lazer,sports_leisure,1,31.0,14.52,45.52,16
68db1e9c,2017-03-18,SP,cool_stuff,cool_stuff,1,139.9,16.19,156.09,5
e21965e5,2017-03-18,RJ,cama_mesa_banho,bed_bath_table,1,25.9,14.52,40.42,23
9bb921bc,2017-03-20,RJ,perfumaria,perfumery,1,229.9,12.22,242.12,2
0d74a495,2017-03-21,MG,alimentos,food,1,23.99,14.52,38.51,8
eaae5e87,2017-03-22,SP,esporte_lazer,sports_leisure,1,69.9,14.66,84.56,28
cc33143e,2017-03-22,SP,informatica_acessorios,computers_accessories,1,39.9,17.19,57.09,11
721384cf,2017-03-23,RJ,relogios_presentes,watches_gifts,1,169.9,15.36,185.26,5
698856eb,2017-03-23,SP,utilidades_domesticas,housewares,1,65.0,18.73,83.73,7
f67dfbae,2017-03-23,RJ,informatica_acessorios,computers_accessories,1,2120.39,48.21,2168.6,11
6ac7c4ff,2017-03-23,SP,brinquedos,toys,1,141.9,11.6,153.5,3
a0f9594b,2017-03-23,ES,informatica_acessorios,computers_accessories,1,42.9,16.05,58.95,7
58faef88,2017-03-23,MG,ferramentas_jardim,garden_tools,4,398.0,131.92,529.92,11
ed9a7391,2017-03-24,RJ,utilidades_domesticas,housewares,1,169.9,25.01,194.91,70
81c684bc,2017-03-24,BA,beleza_saude,health_beauty,1,64.99,20.9,85.89,18
4a3c3165,2017-03-24,SP,brinquedos,toys,1,34.9,10.96,45.86,13
aad53ab5,2017-03-25,SP,esporte_lazer,sports_leisure,1,209.9,19.75,229.65,9
d591a97f,2017-03-25,SP,cama_mesa_banho,bed_bath_table,1,24.9,10.96,35.86,15
010c9953,2017-03-25,SP,eletronicos,electronics,1,42.0,14.12,56.12,5
5b1c6bad,2017-03-25,SP,cama_mesa_banho,bed_bath_table,1,79.9,11.95,91.85,8
104cba31,2017-03-25,RJ,eletronicos,electronics,1,79.0,20.67,99.67,10
f303983d,2017-03-25,MG,cama_mesa_banho,bed_bath_table,1,59.99,15.63,75.62,16
cd7d5eba,2017-03-27,SP,informatica_acessorios,computers_accessories,1,149.99,15.22,165.21,9
8ab0025e,2017-03-27,BA,telefonia,telephony,2,50.0,41.6,91.6,20
3f341046,2017-03-27,SP,cama_mesa_banho,bed_bath_table,1,149.9,17.79,167.69,13
38173930,2017-03-28,RS,informatica_acessorios,computers_accessories,2,35.98,21.92,57.9,5
fae3b1a8,2017-03-28,MG,cama_mesa_banho,bed_bath_table,1,17.5,14.52,32.02,6
d899e9de,2017-03-29,SC,beleza_saude,health_beauty,1,99.99,14.87,114.86,12
ada32a77,2017-03-30,PR,cool_stuff,cool_stuff,1,637.0,21.3,658.3,15
a73decd8,2017-03-30,RJ,esporte_lazer,sports_leisure,1,89.9,16.88,106.78,5
5b7d2a66,2017-03-30,RS,esporte_lazer,sports_leisure,1,59.0,14.18,73.18,5
66b12481,2017-03-31,RJ,cama_mesa_banho,bed_bath_table,1,89.9,14.8,104.7,11
c0138621,2017-03-31,PA,pet_shop,pet_shop,1,129.9,29.84,159.74,19
ad7bbcbf,2017-03-31,MG,brinquedos,toys,1,159.9,19.82,179.72,9
a7db8c53,2017-03-31,SP,beleza_saude,health_beauty,1,49.99,15.56,65.55,12
793df0d4,2017-04-01,MG,perfumaria,perfumery,1,292.9,16.22,309.12,9
1c1edc51,2017-04-01,SP,cama_mesa_banho,bed_bath_table,1,154.9,13.66,168.56,10
c57edd0a,2017-04-01,RJ,cama_mesa_banho,bed_bath_table,2,27.8,29.04,56.84,9
a1e393fb,2017-04-01,SP,papelaria,stationery,1,57.9,14.17,72.07,4
02164530,2017-04-01,RJ,moveis_escritorio,office_furniture,1,129.96,29.1,159.06,11
eccfa949,2017-04-02,BA,beleza_saude,health_beauty,1,99.9,22.2,122.1,20
8dedd7e7,2017-04-03,SP,moveis_decoracao,furniture_decor,1,45.9,11.74,57.64,6
215081bd,2017-04-04,SP,malas_acessorios,luggage_accessories,1,139.9,26.21,166.11,11
c7004c25,2017-04-04,RJ,cama_mesa_banho,bed_bath_table,1,69.9,15.7,85.6,6
641e972f,2017-04-04,SP,beleza_saude,health_beauty,1,110.0,16.07,126.07,5
dcd37d4b,2017-04-04,SP,moveis_decoracao,furniture_decor,1,49.7,12.93,62.63,15
c0f6d1b5,2017-04-05,ES,esporte_lazer,sports_leisure,1,94.9,18.9,113.8,7
f076e6d4,2017-04-05,SP,eletronicos,electronics,1,48.99,10.96,59.95,5
748f5318,2017-04-05,SP,cama_mesa_banho,bed_bath_table,1,12.5,10.96,23.46,5
1a3960b2,2017-04-06,MG,bebes,baby,1,59.9,14.59,74.49,6
bd751ddc,2017-04-06,MT,pet_shop,pet_shop,1,809.9,26.12,836.02,25
aa8c2e40,2017-04-06,SP,eletronicos,electronics,1,29.9,14.52,44.42,5
bbcee2bd,2017-04-07,DF,ferramentas_jardim,garden_tools,2,359.98,67.08,427.06,10
f9701d96,2017-04-08,RS,bebes,baby,1,18.0,14.52,32.52,8
34c19405,2017-04-08,SP,moveis_escritorio,office_furniture,1,39.9,20.43,60.33,3
089b005e,2017-04-08,SC,cama_mesa_banho,bed_bath_table,1,105.0,19.01,124.01,12
7634d13a,2017-04-08,BA,automotivo,auto,1,59.99,20.87,80.86,31
276e9ec3,2017-04-08,CE,ferramentas_jardim,garden_tools,1,249.0,30.94,279.94,43
b8dabd1b,2017-04-09,RS,telefonia,telephony,1,21.99,16.05,38.04,10
014f1e63,2017-04-09,MG,informatica_acessorios,computers_accessories,1,129.9,18.34,148.24,7
c5080a16,2017-04-09,RJ,moveis_cozinha_area_de_servico_jantar_e_jardim,kitchen_dining_laundry_garden_furniture,1,108.9,20.84,129.74,3
f5086e98,2017-04-10,SC,moveis_decoracao,furniture_decor,2,17.46,38.1,55.56,22
d6f10835,2017-04-10,MG,beleza_saude,health_beauty,1,34.99,14.52,49.51,7
5d78d11e,2017-04-11,ES,brinquedos,toys,1,55.8,17.23,73.03,7
4519d054,2017-04-11,MG,eletronicos,electronics,1,18.16,14.52,32.68,15
cd95fe8a,2017-04-11,MG,automotivo,auto,1,12.9,14.52,27.42,8
781ae963,2017-04-11,BA,telefonia,telephony,1,18.95,20.8,39.75,22
c5ad6026,2017-04-12,SP,brinquedos,toys,1,64.99,11.06,76.05,7
6dab6db5,2017-04-12,TO,utilidades_domesticas,housewares,1,59.9,26.89,86.79,26
d63eeedf,2017-04-12,PR,cama_mesa_banho,bed_bath_table,1,69.9,15.7,85.6,7
68eb0f50,2017-04-14,RJ,esporte_lazer,sports_leisure,2,38.66,29.04,67.7,17
12175268,2017-04-14,SP,informatica_acessorios,computers_accessories,1,299.0,16.26,315.26,12
c09e8c8e,2017-04-14,SP,utilidades_domesticas,housewares,1,169.9,22.66,192.56,25
a0d3437f,2017-04-15,MG,utilidades_domesticas,housewares,1,32.99,11.74,44.73,12
68f47f50,2017-04-16,SE,esporte_lazer,sports_leisure,1,49.9,20.8,70.7,29
507bbf4a,2017-04-16,SP,utilidades_domesticas,housewares,1,25.0,10.96,35.96,15
cd3f264d,2017-04-17,PR,informatica_acessorios,computers_accessories,2,354.0,32.9,386.9,17
eb45ff26,2017-04-17,SP,moveis_decoracao,furniture_decor,2,105.98,18.72,124.7,4
63c97617,2017-04-18,RN,informatica_acessorios,computers_accessories,2,71.4,41.6,113.0,16
a71697ed,2017-04-19,MG,cool_stuff,cool_stuff,2,189.89,31.75,221.64,13
758df1b1,2017-04-20,GO,casa_construcao,home_construction,1,620.1,24.97,645.07,19
2a161836,2017-04-20,ES,casa_conforto,home_confort,1,14.0,16.05,30.05,15
6d60cc49,2017-04-20,SP,fashion_roupa_masculina,fashion_male_clothing,1,24.9,10.96,35.86,21
3eee460c,2017-04-21,RJ,automotivo,auto,1,27.99,14.52,42.51,12
c75f4211,2017-04-22,MG,cool_stuff,cool_stuff,1,385.0,59.23,444.23,26
ae6bf543,2017-04-22,SP,cama_mesa_banho,bed_bath_table,1,89.9,11.24,101.14,13
047f9a21,2017-04-22,SP,utilidades_domesticas,housewares,1,194.9,26.86,221.76,6
7fadb5fe,2017-04-22,RJ,informatica_acessorios,computers_accessories,1,97.0,14.85,111.85,9
6605d402,2017-04-23,BA,bebes,baby,1,59.99,22.35,82.34,18
9ff74ab0,2017-04-24,SC,informatica_acessorios,computers_accessories,1,18.0,14.52,32.52,21
ddf16d77,2017-04-24,SC,non_renseignee,not_specified,1,29.0,14.52,43.52,11
c01f21ad,2017-04-24,MG,beleza_saude,health_beauty,1,339.99,17.14,357.13,10
fb14d0b9,2017-04-24,SP,cama_mesa_banho,bed_bath_table,1,89.9,11.24,101.14,8
7eee039d,2017-04-25,SP,moveis_escritorio,office_furniture,2,190.0,44.0,234.0,17
0bca8e07,2017-04-25,PR,informatica_acessorios,computers_accessories,1,75.0,14.7,89.7,16
9a870a0b,2017-04-26,PR,brinquedos,toys,1,99.9,14.87,114.77,6
49fbc3c1,2017-04-26,PR,cama_mesa_banho,bed_bath_table,1,31.9,15.56,47.46,15
883a45f6,2017-04-26,SP,informatica_acessorios,computers_accessories,1,144.99,15.18,160.17,12
6ae725cd,2017-04-27,MG,moveis_decoracao,furniture_decor,1,55.0,14.16,69.16,9
1ea1fb68,2017-04-28,MG,pet_shop,pet_shop,1,79.7,11.17,90.87,10
0b87d8d6,2017-04-28,BA,telefonia,telephony,1,13.98,20.8,34.78,35
638a5408,2017-04-28,SC,cool_stuff,cool_stuff,1,119.99,16.05,136.04,14
2c797872,2017-04-29,SP,beleza_saude,health_beauty,1,66.9,13.05,79.95,11
ffdee14e,2017-04-29,SC,esporte_lazer,sports_leisure,1,29.5,10.96,40.46,10
2b3304ab,2017-04-29,MT,cool_stuff,cool_stuff,1,129.99,25.11,155.1,15
57cf4d74,2017-04-29,PE,esporte_lazer,sports_leisure,1,49.9,24.84,74.74,7
599c2d88,2017-04-29,SP,relogios_presentes,watches_gifts,1,49.0,10.96,59.96,5
61081143,2017-04-30,MG,perfumaria,perfumery,1,139.9,15.15,155.05,8
61e94ee0,2017-04-30,SC,perfumaria,perfumery,1,149.9,15.22,165.12,16
6a0b5fb9,2017-04-30,PA,relogios_presentes,watches_gifts,1,22.9,29.55,52.45,16
2c6d7710,2017-05-01,SP,livros_tecnicos,books_technical,1,88.5,11.23,99.73,24
d8558596,2017-05-01,RJ,utilidades_domesticas,housewares,1,47.99,15.56,63.55,8
8524c844,2017-05-01,SP,moveis_decoracao,furniture_decor,1,49.9,11.74,61.64,8
256aa0d2,2017-05-01,RS,cama_mesa_banho,bed_bath_table,1,94.5,27.13,121.63,21
2a84eca2,2017-05-01,PI,eletrodomesticos,home_appliances,1,32.9,24.84,57.74,10
c7d8dac1,2017-05-01,PB,moveis_decoracao,furniture_decor,1,38.5,22.28,60.78,11
38a467d0,2017-05-01,SP,beleza_saude,health_beauty,1,339.99,12.99,352.98,16
b6b88bb7,2017-05-02,RS,moveis_sala,furniture_living_room,2,59.8,62.76,122.56,12
cf7dd055,2017-05-02,RJ,utilidades_domesticas,housewares,1,90.9,20.96,111.86,15
48139821,2017-05-02,SC,informatica_acessorios,computers_accessories,1,89.0,18.05,107.05,12
7bed52ae,2017-05-03,PA,artes,art,1,69.9,37.45,107.35,20
e51c3cf4,2017-05-03,MG,papelaria,stationery,1,49.9,10.96,60.86,11
0394e320,2017-05-03,AP,beleza_saude,health_beauty,1,116.0,25.3,141.3,21
70e51d3f,2017-05-03,SP,moveis_decoracao,furniture_decor,1,59.74,18.7,78.44,12
01d80471,2017-05-03,RS,informatica_acessorios,computers_accessories,1,75.0,16.23,91.23,12
fa086b52,2017-05-03,SP,cool_stuff,cool_stuff,1,219.99,15.31,235.3,22
ee814067,2017-05-04,MG,utilidades_domesticas,housewares,1,44.9,12.93,57.83,12
1100a320,2017-05-04,MT,beleza_saude,health_beauty,1,59.9,20.87,80.77,12
1b489d89,2017-05-04,SP,esporte_lazer,sports_leisure,1,31.9,14.52,46.42,4
1c2764ff,2017-05-05,PI,moveis_sala,furniture_living_room,1,139.9,34.18,174.08,18
78f36af4,2017-05-05,RS,cama_mesa_banho,bed_bath_table,1,89.9,16.05,105.95,13
9a65fd6f,2017-05-05,TO,cool_stuff,cool_stuff,1,132.7,32.39,165.09,9
0e4160cb,2017-05-06,BA,beleza_saude,health_beauty,1,29.0,20.8,49.8,19
184f17bb,2017-05-06,SP,fashion_calcados,fashion_shoes,1,29.9,14.1,44.0,10
bdbc0940,2017-05-06,RJ,relogios_presentes,watches_gifts,1,28.7,16.79,45.49,30
54df475b,2017-05-06,SP,esporte_lazer,sports_leisure,1,97.5,13.7,111.2,19
edffd79f,2017-05-07,MS,telefonia,telephony,1,39.0,15.1,54.1,11
d6c877d8,2017-05-07,SP,moveis_escritorio,office_furniture,1,430.0,27.52,457.52,15
8b9c6ff3,2017-05-08,SP,utilidades_domesticas,housewares,1,119.9,13.86,133.76,3
9dd89c2d,2017-05-09,PR,papelaria,stationery,1,54.9,17.95,72.85,9
1e80bd66,2017-05-09,RJ,utilidades_domesticas,housewares,2,196.6,85.78,282.38,13
278d8871,2017-05-09,RS,cama_mesa_banho,bed_bath_table,1,59.99,17.67,77.66,6
036b7918,2017-05-10,SP,moveis_decoracao,furniture_decor,1,49.99,9.34,59.33,6
9bfcadb1,2017-05-10,RJ,beleza_saude,health_beauty,1,339.99,17.13,357.12,13
65b8cbd6,2017-05-10,RJ,beleza_saude,health_beauty,1,64.99,14.2,79.19,12
b084a8f6,2017-05-10,SC,ferramentas_jardim,garden_tools,1,89.0,15.37,104.37,14
61ece612,2017-05-11,RJ,informatica_acessorios,computers_accessories,2,79.8,28.2,108.0,4
c1674af3,2017-05-11,SP,instrumentos_musicais,musical_instruments,1,29.9,9.34,39.24,6
d53a5c7f,2017-05-12,SP,moveis_decoracao,furniture_decor,1,109.9,16.4,126.3,9
05519ea9,2017-05-13,ES,informatica_acessorios,computers_accessories,1,339.0,18.13,357.13,16
0168a7f1,2017-05-13,SP,utilidades_domesticas,housewares,1,149.9,8.3,158.2,4
e74c3bd7,2017-05-13,SP,eletrodomesticos,home_appliances,1,32.9,11.85,44.75,9
6f3b34d7,2017-05-13,BA,eletronicos,electronics,1,89.0,16.06,105.06,19
663f2416,2017-05-14,SP,beleza_saude,health_beauty,1,339.99,10.57,350.56,7
e702f593,2017-05-14,SP,beleza_saude,health_beauty,1,19.9,11.85,31.75,11
a6a5d567,2017-05-15,SP,moveis_decoracao,furniture_decor,2,899.8,347.56,1247.36,66
f6aed65c,2017-05-15,RN,automotivo,auto,1,139.99,38.53,178.52,8
f6d370f7,2017-05-15,AM,cool_stuff,cool_stuff,1,199.0,37.56,236.56,22
71ea8340,2017-05-15,SP,informatica_acessorios,computers_accessories,1,207.3,16.2,223.5,6
e5b57b95,2017-05-15,SP,market_place,market_place,1,12.0,11.85,23.85,2
2fa7634c,2017-05-15,PE,perfumaria,perfumery,1,56.99,17.68,74.67,9
030c7ec5,2017-05-15,SP,papelaria,stationery,1,69.9,13.51,83.41,7
dbc59da3,2017-05-16,RJ,cama_mesa_banho,bed_bath_table,1,139.99,21.47,161.46,7
1d21ce79,2017-05-16,BA,esporte_lazer,sports_leisure,2,226.0,40.06,266.06,15
73de1db8,2017-05-16,MG,fashion_bolsas_e_acessorios,fashion_bags_accessories,1,389.0,16.45,405.45,43
8d92a85b,2017-05-16,SP,cama_mesa_banho,bed_bath_table,1,89.9,12.13,102.03,5
ac72d34e,2017-05-17,RJ,utilidades_domesticas,housewares,1,152.9,53.67,206.57,16
890fff31,2017-05-17,PR,bebes,baby,1,109.9,12.72,122.62,13
9d54d8f8,2017-05-17,RJ,beleza_saude,health_beauty,1,27.5,15.1,42.6,6
af7558c4,2017-05-17,BA,eletrodomesticos,home_appliances,1,72.0,18.07,90.07,14
96b2e80d,2017-05-18,PA,cama_mesa_banho,bed_bath_table,1,89.9,35.95,125.85,27
2f2ccd40,2017-05-18,MG,moveis_escritorio,office_furniture,1,126.99,30.73,157.72,13
028ad192,2017-05-18,RS,beleza_saude,health_beauty,1,467.0,18.02,485.02,7
6a7a8e30,2017-05-18,SP,informatica_acessorios,computers_accessories,1,269.0,14.22,283.22,10
9f6f3477,2017-05-18,SP,esporte_lazer,sports_leisure,1,55.0,7.78,62.78,3
460281d0,2017-05-18,PR,utilidades_domesticas,housewares,1,34.98,15.1,50.08,10
9b632646,2017-05-19,SP,cool_stuff,cool_stuff,1,199.0,19.63,218.63,7
a5fb2c24,2017-05-19,SP,beleza_saude,health_beauty,1,63.9,12.79,76.69,7
9cfc94a0,2017-05-19,SP,non_renseignee,not_specified,1,64.99,9.34,74.33,4
f68cab86,2017-05-19,SP,casa_conforto,home_confort,1,89.9,12.13,102.03,9
d0283249,2017-05-19,CE,informatica_acessorios,computers_accessories,1,529.0,47.55,576.55,12
e28a4c66,2017-05-19,SP,fashion_bolsas_e_acessorios,fashion_bags_accessories,1,24.9,14.1,39.0,11
113a4f0c,2017-05-20,SP,brinquedos,toys,1,94.9,7.92,102.82,4
f6f9344e,2017-05-20,RJ,moveis_colchao_e_estofado,furniture_mattress_and_upholstery,1,399.99,82.7,482.69,17
758fbb6d,2017-05-20,SP,telefonia,telephony,1,13.98,11.85,25.83,19
3ae5336e,2017-05-20,MG,cama_mesa_banho,bed_bath_table,1,69.9,16.25,86.15,10
7034679d,2017-05-20,PR,pet_shop,pet_shop,2,33.6,30.2,63.8,10
67859bd0,2017-05-21,RS,relogios_presentes,watches_gifts,1,47.9,15.1,63.0,10
66b82165,2017-05-21,SP,perfumaria,perfumery,1,149.9,9.24,159.14,8
85d852ed,2017-05-21,SP,pet_shop,pet_shop,1,109.99,20.26,130.25,5
ce5cc8db,2017-05-21,SP,eletronicos,electronics,1,38.99,8.72,47.71,4
f6a3c840,2017-05-21,BA,fashion_bolsas_e_acessorios,fashion_bags_accessories,1,29.9,15.79,45.69,14
f124bd02,2017-05-21,RJ,malas_acessorios,luggage_accessories,1,109.9,14.52,124.42,7
5d80f156,2017-05-22,PR,cool_stuff,cool_stuff,1,132.7,31.68,164.38,8
6851d4a2,2017-05-22,SP,cool_stuff,cool_stuff,1,79.95,16.32,96.27,7
7dc8487f,2017-05-22,PE,beleza_saude,health_beauty,1,19.99,17.63,37.62,3
8fa7a057,2017-05-22,MG,cama_mesa_banho,bed_bath_table,1,89.9,15.38,105.28,10
2e0238ae,2017-05-22,SC,beleza_saude,health_beauty,1,33.9,15.1,49.0,10
e3e1b813,2017-05-23,RJ,tablets_impressao_imagem,tablets_printing_image,1,129.99,14.8,144.79,27
bee9e234,2017-05-23,SP,informatica_acessorios,computers_accessories,1,69.9,19.73,89.63,6
b43e5b62,2017-05-23,SP,utilidades_domesticas,housewares,1,148.7,21.7,170.4,13
42d8e64b,2017-05-24,RS,brinquedos,toys,1,44.9,14.1,59.0,6
ea200c2f,2017-05-24,SP,utilidades_domesticas,housewares,1,43.98,17.6,61.58,7
f47a19bf,2017-05-24,RJ,fashion_bolsas_e_acessorios,fashion_bags_accessories,1,39.99,14.1,54.09,7
aa4abf7d,2017-05-27,SP,utilidades_domesticas,housewares,1,489.98,23.92,513.9,18
6ac9d943,2017-05-27,SP,cool_stuff,cool_stuff,1,99.99,13.04,113.03,5
d3eb3d3d,2017-05-27,SC,consoles_games,consoles_games,1,8.99,16.79,25.78,16
602cbc1d,2017-05-27,SP,relogios_presentes,watches_gifts,1,55.0,7.78,62.78,2
5e5d6b5f,2017-05-28,AL,informatica_acessorios,computers_accessories,1,200.4,38.95,239.35,29
6275bca1,2017-05-28,MG,relogios_presentes,watches_gifts,1,58.71,28.81,87.52,9
d18d6902,2017-05-29,RJ,malas_acessorios,luggage_accessories,1,259.9,86.98,346.88,9
a91e7aca,2017-05-29,SP,beleza_saude,health_beauty,1,19.9,7.78,27.68,1
cb54c906,2017-05-29,PR,non_renseignee,not_specified,2,103.0,35.22,138.22,8
66397175,2017-05-29,GO,fashion_calcados,fashion_shoes,1,349.9,19.7,369.6,23
9ed113cc,2017-05-29,MG,cool_stuff,cool_stuff,1,64.9,13.47,78.37,7
e1bc33c0,2017-05-30,RJ,brinquedos,toys,1,1449.0,55.61,1504.61,14
9ea29024,2017-05-30,BA,beleza_saude,health_beauty,1,66.9,19.71,86.61,9
85fdee79,2017-05-30,SP,esporte_lazer,sports_leisure,1,65.0,15.2,80.2,7
00ed64bc,2017-05-30,RJ,non_renseignee,not_specified,1,44.9,16.11,61.01,7
a0ba767f,2017-05-30,MG,telefonia,telephony,1,135.0,17.39,152.39,14
d166f677,2017-05-30,RS,pet_shop,pet_shop,1,68.55,16.24,84.79,14
a5c7e6ba,2017-05-31,RJ,bebes,baby,1,59.99,16.18,76.17,11
10606f62,2017-05-31,MA,cama_mesa_banho,bed_bath_table,1,89.9,34.43,124.33,13
fd190164,2017-06-01,MG,papelaria,stationery,1,29.9,13.37,43.27,18
e82787bc,2017-06-01,CE,beleza_saude,health_beauty,1,89.9,33.08,122.98,12
ab3bd9f1,2017-06-01,RJ,cama_mesa_banho,bed_bath_table,1,28.9,15.1,44.0,11
531a321d,2017-06-01,RS,market_place,market_place,1,189.9,14.35,204.25,10
d1d82aad,2017-06-01,SP,papelaria,stationery,1,58.9,16.17,75.07,17
119b6b27,2017-06-01,PR,telefonia,telephony,1,16.5,15.1,31.6,17
79ba9ff9,2017-06-02,RJ,beleza_saude,health_beauty,1,99.99,15.45,115.44,9
11bc240a,2017-06-02,SP,perfumaria,perfumery,1,248.0,9.93,257.93,4
8ee4b454,2017-06-03,RJ,utilidades_domesticas,housewares,1,34.9,20.84,55.74,10
651942ee,2017-06-04,MG,bebes,baby,1,50.0,12.69,62.69,17
597d72bb,2017-06-04,MS,dvds_blu_ray,dvds_blu_ray,1,19.9,15.79,35.69,14
dd2be9f2,2017-06-04,RS,bebes,baby,1,79.9,15.31,95.21,14
fa5d6b6d,2017-06-05,SC,perfumaria,perfumery,1,56.99,14.15,71.14,9
2c32c278,2017-06-05,SP,ferramentas_jardim,garden_tools,1,112.0,16.22,128.22,14
0cd266ef,2017-06-05,DF,pet_shop,pet_shop,1,25.9,15.1,41.0,8
962debbd,2017-06-05,MG,pet_shop,pet_shop,1,32.64,15.1,47.74,8
fcfe2d5e,2017-06-05,RS,beleza_saude,health_beauty,1,43.48,15.1,58.58,8
5ad18603,2017-06-05,GO,moveis_decoracao,furniture_decor,1,59.9,16.18,76.08,13
798b9fc5,2017-06-06,CE,livros_interesse_geral,books_general_interest,1,115.0,54.48,169.48,20
5e3f975c,2017-06-06,SP,moveis_decoracao,furniture_decor,1,73.35,12.85,86.2,28
47b7b28d,2017-06-06,SP,telefonia,telephony,1,12.5,7.78,20.28,3
ffc26384,2017-06-06,MG,cool_stuff,cool_stuff,1,629.0,67.08,696.08,10
66fbfbe9,2017-06-06,SC,moveis_sala,furniture_living_room,1,295.8,83.93,379.73,20
e7a494d4,2017-06-06,SP,pet_shop,pet_shop,1,59.99,15.24,75.23,5
f9d9c91f,2017-06-06,SP,esporte_lazer,sports_leisure,1,159.9,20.68,180.58,9
464a1b10,2017-06-06,RJ,cama_mesa_banho,bed_bath_table,1,89.9,17.88,107.78,12
740ae797,2017-06-06,RJ,eletroportateis,small_appliances,1,49.5,17.6,67.1,13
3cbed012,2017-06-06,BA,cool_stuff,cool_stuff,1,229.99,24.48,254.47,26
4d49d457,2017-06-06,RS,beleza_saude,health_beauty,1,19.9,15.1,35.0,16
2d37b55e,2017-06-07,SP,esporte_lazer,sports_leisure,1,299.9,22.94,322.84,9
febcdd79,2017-06-07,RJ,perfumaria,perfumery,1,56.99,14.15,71.14,9
071a4b7c,2017-06-07,RJ,non_renseignee,not_specified,1,49.59,16.6,66.19,8
98c78522,2017-06-07,SP,beleza_saude,health_beauty,1,59.0,8.27,67.27,9
fcffb640,2017-06-07,RS,livros_interesse_geral,books_general_interest,1,34.9,15.79,50.69,18
3f832dc6,2017-06-09,RJ,moveis_decoracao,furniture_decor,1,49.9,14.08,63.98,14
a77cca71,2017-06-09,SP,brinquedos,toys,1,48.9,12.69,61.59,10
d077bdff,2017-06-09,SP,moveis_decoracao,furniture_decor,1,95.0,57.99,152.99,7
6ee93b76,2017-06-10,SP,moveis_sala,furniture_living_room,2,207.94,50.08,258.02,11
26f35d2f,2017-06-11,SP,moveis_decoracao,furniture_decor,4,115.96,52.32,168.28,4
dbabdffb,2017-06-11,SP,cama_mesa_banho,bed_bath_table,1,286.4,37.51,323.91,7
50d6f853,2017-06-12,PR,utilidades_domesticas,housewares,1,49.0,17.6,66.6,28
67d413d2,2017-06-12,SP,beleza_saude,health_beauty,1,99.99,8.89,108.88,2
aeaf2bf4,2017-06-12,SP,ferramentas_jardim,garden_tools,1,299.99,18.35,318.34,11
e14ca336,2017-06-12,SP,artes,art,1,90.0,7.88,97.88,3
2ca6b9b8,2017-06-14,SP,automotivo,auto,1,189.99,16.96,206.95,7
3679e033,2017-06-14,BA,fashion_roupa_masculina,fashion_male_clothing,1,59.9,17.99,77.89,28
a27f62a7,2017-06-15,SP,esporte_lazer,sports_leisure,1,65.0,15.2,80.2,8
735a1710,2017-06-15,SP,informatica_acessorios,computers_accessories,1,22.0,11.85,33.85,12
96a5b82a,2017-06-15,SC,automotivo,auto,1,102.99,17.16,120.15,10
4a81bd21,2017-06-16,PE,alimentos,food,1,149.9,21.89,171.79,10
057b5825,2017-06-16,BA,informatica_acessorios,computers_accessories,1,35.7,17.63,53.33,21
ad9c2ef7,2017-06-16,MA,telefonia_fixa,fixed_telephony,1,90.0,34.43,124.43,12
9ac02286,2017-06-17,SP,relogios_presentes,watches_gifts,1,157.99,12.61,170.6,8
db5fdbee,2017-06-17,RJ,beleza_saude,health_beauty,1,89.0,15.37,104.37,9
bfaf4035,2017-06-18,SP,eletrodomesticos,home_appliances,1,26.0,9.94,35.94,3
0546ac64,2017-06-18,SP,cool_stuff,cool_stuff,1,139.9,13.11,153.01,10
6ff3a48b,2017-06-18,RJ,informatica_acessorios,computers_accessories,1,75.0,15.28,90.28,17
e6bcb00c,2017-06-18,SP,telefonia,telephony,1,99.0,15.44,114.44,15
7c17ce8c,2017-06-18,GO,telefonia,telephony,1,18.99,15.1,34.09,17
ce2b4f28,2017-06-18,SP,moveis_escritorio,office_furniture,1,97.9,57.36,155.26,16
3611e979,2017-06-19,RJ,moveis_decoracao,furniture_decor,1,62.9,17.69,80.59,32
fac46d93,2017-06-20,SP,automotivo,auto,1,78.0,16.18,94.18,15
1c487b52,2017-06-20,DF,utilidades_domesticas,housewares,2,119.8,42.52,162.32,6
f35a3647,2017-06-20,SP,eletrodomesticos,home_appliances,1,52.0,12.7,64.7,6
10631633,2017-06-22,MG,utilidades_domesticas,housewares,2,219.8,32.8,252.6,15
bd06bffc,2017-06-22,PR,relogios_presentes,watches_gifts,1,180.0,16.01,196.01,8
885a2410,2017-06-23,SP,esporte_lazer,sports_leisure,1,199.0,13.73,212.73,4
74434928,2017-06-23,BA,moveis_escritorio,office_furniture,1,259.99,73.05,333.04,18
a0f30b63,2017-06-25,SP,audio,audio,1,89.0,7.88,96.88,5
53036876,2017-06-25,DF,non_renseignee,not_specified,1,49.98,16.6,66.58,22
f27cec91,2017-06-25,MG,esporte_lazer,sports_leisure,1,899.0,185.71,1084.71,10
d790743e,2017-06-25,PR,utilidades_domesticas,housewares,1,23.9,15.11,39.01,8
cd9bea4c,2017-06-26,RJ,pet_shop,pet_shop,1,78.87,16.8,95.67,15
162b56a3,2017-06-26,RS,pet_shop,pet_shop,1,42.99,15.1,58.09,11
40e374fb,2017-06-26,SP,malas_acessorios,luggage_accessories,1,68.9,16.24,85.14,21
725d9a21,2017-06-26,PB,non_renseignee,not_specified,1,69.0,38.03,107.03,14
f7f27a0b,2017-06-28,RJ,informatica_acessorios,computers_accessories,1,46.9,16.6,63.5,6
42859f65,2017-06-28,CE,cama_mesa_banho,bed_bath_table,1,205.0,38.57,243.57,20
deafd519,2017-06-28,SP,cama_mesa_banho,bed_bath_table,1,12.9,11.85,24.75,22
301c4411,2017-06-29,SP,cool_stuff,cool_stuff,2,91.98,17.44,109.42,5
1abc1d06,2017-06-29,SP,cama_mesa_banho,bed_bath_table,1,109.9,13.79,123.69,6
7fd341d7,2017-06-29,SP,utilidades_domesticas,housewares,1,59.9,17.13,77.03,8
35c4b628,2017-06-29,SP,beleza_saude,health_beauty,1,54.99,11.73,66.72,11
186517d0,2017-06-29,SP,moveis_decoracao,furniture_decor,3,147.0,42.3,189.3,10
bbe5ef6a,2017-06-30,SP,cool_stuff,cool_stuff,1,572.0,37.27,609.27,7
294d1659,2017-06-30,SP,automotivo,auto,1,143.8,15.76,159.56,27
9cd4acec,2017-06-30,SP,malas_acessorios,luggage_accessories,1,174.33,18.5,192.83,10
aa7ec235,2017-07-01,MG,telefonia,telephony,1,59.9,15.86,75.76,15
e28f13b0,2017-07-01,MG,informatica_acessorios,computers_accessories,1,61.9,15.18,77.08,16
a10e6749,2017-07-02,SP,moveis_decoracao,furniture_decor,2,33.8,30.2,64.0,3
54320856,2017-07-03,RJ,cool_stuff,cool_stuff,1,249.9,78.77,328.67,7
f2a4a108,2017-07-03,SP,esporte_lazer,sports_leisure,1,29.5,16.11,45.61,14
8dea586c,2017-07-03,RJ,esporte_lazer,sports_leisure,1,271.0,22.39,293.39,16
cdf76ad4,2017-07-03,SP,telefonia,telephony,1,25.99,7.78,33.77,2
5b04f0ec,2017-07-04,CE,automotivo,auto,1,55.65,34.19,89.84,16
91c743d2,2017-07-04,SC,cama_mesa_banho,bed_bath_table,1,69.9,14.36,84.26,13
27f94439,2017-07-04,DF,automotivo,auto,1,99.0,16.94,115.94,8
ba8b9d2a,2017-07-05,MG,non_renseignee,not_specified,1,39.9,8.11,48.01,2
5e73c84a,2017-07-05,BA,moveis_escritorio,office_furniture,1,169.99,49.8,219.79,24
a46944cf,2017-07-05,SP,informatica_acessorios,computers_accessories,3,56.7,35.55,92.25,7
3eede591,2017-07-05,SP,relogios_presentes,watches_gifts,1,1625.0,19.57,1644.57,5
6720f909,2017-07-05,SP,moveis_decoracao,furniture_decor,1,34.9,12.69,47.59,6
2a02e074,2017-07-06,SP,esporte_lazer,sports_leisure,1,119.99,13.86,133.85,6
1b951d32,2017-07-06,RN,informatica_acessorios,computers_accessories,1,98.0,31.36,129.36,14
c7716af1,2017-07-06,RJ,brinquedos,toys,1,152.9,18.32,171.22,11
e305fbc6,2017-07-06,RJ,utilidades_domesticas,housewares,1,89.9,19.87,109.77,48
fca69dd3,2017-07-06,RJ,telefonia_fixa,fixed_telephony,1,32.99,15.1,48.09,6
61685f5d,2017-07-06,SP,cama_mesa_banho,bed_bath_table,2,449.8,35.49,485.29,11
d48af423,2017-07-07,SP,bebes,baby,1,80.0,17.13,97.13,12
e236416f,2017-07-07,SP,esporte_lazer,sports_leisure,1,94.9,20.15,115.05,6
43ebb441,2017-07-07,SP,consoles_games,consoles_games,1,35.0,15.1,50.1,7
29dd98e6,2017-07-07,GO,moveis_escritorio,office_furniture,1,119.99,34.2,154.19,13
5b33e5b2,2017-07-07,RJ,cool_stuff,cool_stuff,1,572.0,64.74,636.74,21
4d0a364f,2017-07-07,SP,moveis_decoracao,furniture_decor,1,89.9,13.65,103.55,10
293ec51a,2017-07-07,SC,market_place,market_place,1,59.9,13.57,73.47,5
c158cfb0,2017-07-08,GO,cama_mesa_banho,bed_bath_table,1,39.9,17.6,57.5,15
069d3deb,2017-07-08,RJ,cama_mesa_banho,bed_bath_table,1,69.9,19.73,89.63,15
026381d5,2017-07-09,RJ,pet_shop,pet_shop,1,16.99,15.11,32.1,8
fb48412e,2017-07-09,SP,ferramentas_jardim,garden_tools,1,19.99,11.85,31.84,8
352b9aec,2017-07-09,SP,telefonia,telephony,1,25.99,7.78,33.77,2
5190f963,2017-07-10,PI,ferramentas_jardim,garden_tools,1,112.0,51.91,163.91,22
79d6c281,2017-07-11,RJ,cama_mesa_banho,bed_bath_table,1,89.9,15.38,105.28,15
0dab99a2,2017-07-11,MG,relogios_presentes,watches_gifts,1,89.0,14.37,103.37,10
ee0b1349,2017-07-11,PR,utilidades_domesticas,housewares,1,59.9,14.15,74.05,7
4b8e7be1,2017-07-12,SP,perfumaria,perfumery,1,239.12,15.4,254.52,18
394bd8c3,2017-07-12,MG,moveis_decoracao,furniture_decor,1,78.8,15.3,94.1,13
98035d90,2017-07-12,RJ,telefonia,telephony,1,9.99,14.1,24.09,12
5d586b9e,2017-07-12,SP,cama_mesa_banho,bed_bath_table,1,219.9,17.17,237.07,12
e0fd296b,2017-07-13,PA,cama_mesa_banho,bed_bath_table,2,202.9,42.22,245.12,12
6de0a679,2017-07-13,SP,moveis_decoracao,furniture_decor,1,169.0,17.92,186.92,4
a867d77c,2017-07-13,SP,papelaria,stationery,1,48.9,13.37,62.27,6
74da1d03,2017-07-14,RS,esporte_lazer,sports_leisure,2,159.49,30.76,190.25,7
b8bbc0cd,2017-07-14,SP,industria_comercio_e_negocios,industry_commerce_and_business,1,99.99,16.14,116.13,5
0fe9c7ad,2017-07-14,SP,cama_mesa_banho,bed_bath_table,1,34.9,9.34,44.24,5
55966b38,2017-07-14,SC,cool_stuff,cool_stuff,1,199.0,17.64,216.64,25
a5197295,2017-07-14,RS,esporte_lazer,sports_leisure,1,5.99,16.79,22.78,17
a2bdc6e2,2017-07-15,CE,brinquedos,toys,1,129.9,29.31,159.21,19
b2b4949f,2017-07-16,RJ,esporte_lazer,sports_leisure,1,144.9,8.43,153.33,2
91116032,2017-07-16,AL,relogios_presentes,watches_gifts,1,239.0,22.47,261.47,30
f432f3c0,2017-07-16,SP,bebes,baby,1,79.9,14.31,94.21,9
926f4d2c,2017-07-16,RJ,brinquedos,toys,1,39.9,14.1,54.0,5
ee4d37f7,2017-07-16,DF,relogios_presentes,watches_gifts,1,248.0,19.02,267.02,8
5935197a,2017-07-17,MG,cama_mesa_banho,bed_bath_table,1,210.0,16.22,226.22,11
2d5b4376,2017-07-17,MG,telefonia,telephony,1,45.0,11.85,56.85,10
a6a7393d,2017-07-17,BA,relogios_presentes,watches_gifts,1,19.9,16.79,36.69,22
1b46c5cd,2017-07-17,RJ,informatica_acessorios,computers_accessories,1,1199.99,53.87,1253.86,6
c88b1d1b,2017-07-17,SP,beleza_saude,health_beauty,1,34.99,7.78,42.77,3
6e07f469,2017-07-17,MG,brinquedos,toys,1,24.9,12.48,37.38,6
d7537253,2017-07-18,SP,moveis_colchao_e_estofado,furniture_mattress_and_upholstery,1,109.4,69.13,178.53,16
226dda56,2017-07-18,RJ,relogios_presentes,watches_gifts,1,26.9,16.79,43.69,10
90c1326a,2017-07-18,DF,esporte_lazer,sports_leisure,1,199.9,25.85,225.75,9
4f62d593,2017-07-18,SP,fashion_bolsas_e_acessorios,fashion_bags_accessories,1,13.99,7.78,21.77,2
b11fba7d,2017-07-19,RJ,cool_stuff,cool_stuff,1,29.9,14.1,44.0,14
dc2d6dd2,2017-07-19,CE,beleza_saude,health_beauty,1,68.99,20.88,89.87,15
5df5b6ce,2017-07-19,PA,fashion_bolsas_e_acessorios,fashion_bags_accessories,1,109.9,26.05,135.95,18
db92613c,2017-07-19,SP,beleza_saude,health_beauty,1,89.99,7.88,97.87,7
fcab6437,2017-07-19,MG,cama_mesa_banho,bed_bath_table,1,24.9,15.1,40.0,13
3f470bc5,2017-07-19,RS,cama_mesa_banho,bed_bath_table,1,95.03,17.92,112.95,14
4cc0192e,2017-07-19,MG,eletroportateis,small_appliances,1,194.0,66.17,260.17,8
cd089880,2017-07-20,GO,esporte_lazer,sports_leisure,1,100.13,16.46,116.59,15
961dff69,2017-07-20,RJ,automotivo,auto,1,155.99,18.34,174.33,15
2ec63bd8,2017-07-20,SP,informatica_acessorios,computers_accessories,1,179.9,10.0,189.9,5
59a0b1e1,2017-07-20,PB,malas_acessorios,luggage_accessories,1,121.9,38.4,160.3,12
d470b00b,2017-07-21,PR,cama_mesa_banho,bed_bath_table,1,159.9,14.99,174.89,8
ededa5ca,2017-07-21,SP,bebes,baby,1,213.0,14.51,227.51,5
511618fe,2017-07-21,GO,papelaria,stationery,1,95.0,16.43,111.43,12
dab61751,2017-07-22,PR,fashion_roupa_masculina,fashion_male_clothing,2,262.0,33.36,295.36,10
ae5fe00b,2017-07-22,RS,esporte_lazer,sports_leisure,1,99.99,17.95,117.94,12
5b30af3b,2017-07-22,SP,relogios_presentes,watches_gifts,1,279.9,13.46,293.36,13
de694f11,2017-07-22,SP,pet_shop,pet_shop,1,74.0,12.02,86.02,6
387bbb4e,2017-07-22,SP,cama_mesa_banho,bed_bath_table,2,138.8,67.81,206.61,15
850bdb83,2017-07-23,SP,cama_mesa_banho,bed_bath_table,1,87.9,12.96,100.86,5
ed120123,2017-07-23,RJ,informatica_acessorios,computers_accessories,1,24.99,15.1,40.09,9
969c73dd,2017-07-23,SP,perfumaria,perfumery,1,56.99,11.9,68.89,4
f545c6d6,2017-07-23,SC,cama_mesa_banho,bed_bath_table,1,45.95,15.1,61.05,11
56ccc157,2017-07-23,SP,pet_shop,pet_shop,1,38.0,12.69,50.69,4
f690cb26,2017-07-24,BA,telefonia,telephony,1,26.99,15.79,42.78,7
e27677cc,2017-07-24,SC,informatica_acessorios,computers_accessories,1,25.0,15.1,40.1,27
816fe893,2017-07-25,RS,cama_mesa_banho,bed_bath_table,1,159.9,21.61,181.51,15
3da9b6dc,2017-07-25,SP,bebes,baby,1,65.0,11.73,76.73,8
d4cb2cf0,2017-07-25,SP,esporte_lazer,sports_leisure,1,133.0,13.27,146.27,5
c70d255a,2017-07-26,RS,brinquedos,toys,1,59.9,15.17,75.07,8
2d596884,2017-07-26,RS,papelaria,stationery,1,69.9,17.74,87.64,8
0c41f512,2017-07-27,RJ,informatica_acessorios,computers_accessories,3,115.5,48.33,163.83,11
67d83bd3,2017-07-27,SP,moveis_decoracao,furniture_decor,1,45.2,26.97,72.17,5
b0bfe907,2017-07-27,SP,brinquedos,toys,1,149.0,14.06,163.06,4
c94ad4f9,2017-07-28,RJ,moveis_decoracao,furniture_decor,1,75.0,21.02,96.02,12
ba813838,2017-07-29,SP,utilidades_domesticas,housewares,1,13.99,9.34,23.33,25
fe89b0d8,2017-07-30,PE,beleza_saude,health_beauty,1,49.99,17.63,67.62,9
9757bb9b,2017-07-30,MG,cama_mesa_banho,bed_bath_table,1,205.0,26.27,231.27,5
c51d2278,2017-07-31,SP,telefonia,telephony,2,37.98,23.7,61.68,7
e1b489d5,2017-07-31,SP,esporte_lazer,sports_leisure,1,119.8,12.34,132.14,4
2669093a,2017-07-31,SP,ferramentas_jardim,garden_tools,1,14.9,9.94,24.84,7
68e4d7b4,2017-07-31,RS,malas_acessorios,luggage_accessories,1,50.9,26.9,77.8,8
258dc833,2017-07-31,RS,eletronicos,electronics,1,10.9,15.1,26.0,17
d2d2b46f,2017-07-31,SP,utilidades_domesticas,housewares,1,46.2,9.34,55.54,10
4bd68cb4,2017-07-31,SP,esporte_lazer,sports_leisure,1,25.9,7.78,33.68,13
cb5084e6,2017-07-31,MG,cama_mesa_banho,bed_bath_table,2,109.89,31.35,141.24,7
0f6a5e91,2017-08-01,RJ,cool_stuff,cool_stuff,1,99.99,17.95,117.94,7
5bf84aad,2017-08-01,PE,perfumaria,perfumery,1,56.99,25.68,82.67,38
2d28eb89,2017-08-01,SP,telefonia,telephony,1,39.99,7.78,47.77,6
c5ed4f8b,2017-08-01,SP,pet_shop,pet_shop,2,289.8,28.82,318.62,3
41a5363d,2017-08-02,RJ,beleza_saude,health_beauty,1,34.99,14.1,49.09,8
d908e170,2017-08-02,SP,informatica_acessorios,computers_accessories,1,199.5,10.81,210.31,7
150d5748,2017-08-02,RJ,informatica_acessorios,computers_accessories,1,69.0,14.23,83.23,5
3b5066af,2017-08-02,MG,moveis_decoracao,furniture_decor,2,99.8,32.22,132.02,9
626364b5,2017-08-02,SP,beleza_saude,health_beauty,1,112.49,11.99,124.48,1
8b4b9c5c,2017-08-02,SP,informatica_acessorios,computers_accessories,1,19.9,16.79,36.69,11
b6c9788b,2017-08-02,RJ,brinquedos,toys,1,37.5,15.1,52.6,11
32eb9533,2017-08-03,BA,cool_stuff,cool_stuff,1,87.99,19.86,107.85,20
8de235cd,2017-08-03,SP,esporte_lazer,sports_leisure,1,59.9,12.55,72.45,25
86a159c4,2017-08-03,SP,utilidades_domesticas,housewares,1,69.9,11.73,81.63,14
dc96fd43,2017-08-04,SP,utilidades_domesticas,housewares,1,29.9,9.34,39.24,4
71cefe51,2017-08-04,MS,papelaria,stationery,1,40.9,17.92,58.82,17
0ecf0978,2017-08-04,DF,automotivo,auto,1,199.9,21.89,221.79,17
948097de,2017-08-04,DF,esporte_lazer,sports_leisure,1,69.9,25.77,95.67,7
942e72b3,2017-08-04,SP,utilidades_domesticas,housewares,1,299.9,62.25,362.15,7
63ca01cc,2017-08-04,PR,cama_mesa_banho,bed_bath_table,1,163.99,21.64,185.63,6
01643942,2017-08-05,DF,informatica_acessorios,computers_accessories,1,32.5,15.1,47.6,17
95287574,2017-08-05,PB,perfumaria,perfumery,1,56.99,21.2,78.19,13
5112f4ba,2017-08-05,SC,automotivo,auto,1,149.0,15.79,164.79,13
7157fd8b,2017-08-06,RJ,automotivo,auto,1,143.8,23.33,167.13,8
56ce3873,2017-08-06,RS,beleza_saude,health_beauty,1,58.99,16.66,75.65,10
382a503d,2017-08-06,SP,moveis_decoracao,furniture_decor,1,49.9,11.85,61.75,4
bceafe41,2017-08-06,BA,beleza_saude,health_beauty,1,18.99,16.79,35.78,3
3c4bb7f6,2017-08-07,SP,relogios_presentes,watches_gifts,1,29.0,7.78,36.78,1
4ff0384b,2017-08-07,DF,esporte_lazer,sports_leisure,1,119.99,18.09,138.08,15
8a4df982,2017-08-07,RJ,cool_stuff,cool_stuff,1,125.9,12.84,138.74,4
f6b579d3,2017-08-07,BA,esporte_lazer,sports_leisure,2,359.8,37.66,397.46,12
ce648a01,2017-08-07,RJ,ferramentas_jardim,garden_tools,1,279.99,74.91,354.9,6
400f4433,2017-08-07,PR,automotivo,auto,1,40.0,15.1,55.1,7
90214a47,2017-08-07,SE,automotivo,auto,1,19.99,25.63,45.62,9
4f83feea,2017-08-08,SP,automotivo,auto,1,147.9,15.79,163.69,2
89253d28,2017-08-08,SP,cama_mesa_banho,bed_bath_table,1,129.99,13.93,143.92,9
f4b166c6,2017-08-09,RJ,relogios_presentes,watches_gifts,1,44.0,14.1,58.1,6
61cfa600,2017-08-09,RJ,cool_stuff,cool_stuff,1,44.9,9.94,54.84,7
3806e972,2017-08-09,RJ,esporte_lazer,sports_leisure,2,79.8,32.22,112.02,11
57d94aaa,2017-08-10,SP,informatica_acessorios,computers_accessories,1,195.9,14.39,210.29,8
2d6714a6,2017-08-10,RJ,cool_stuff,cool_stuff,1,39.9,7.94,47.84,4
f614b00e,2017-08-10,PR,relogios_presentes,watches_gifts,1,179.9,16.01,195.91,11
ed75cc89,2017-08-10,SP,brinquedos,toys,2,244.9,45.75,290.65,13
29b821b6,2017-08-10,CE,beleza_saude,health_beauty,1,119.9,27.38,147.28,27
cd7293cd,2017-08-10,GO,cool_stuff,cool_stuff,1,98.9,9.26,108.16,5
6646c2a3,2017-08-11,SP,eletronicos,electronics,1,14.9,12.48,27.38,14
5dc05f32,2017-08-11,SP,non_renseignee,not_specified,1,84.9,11.8,96.7,18
d20776b7,2017-08-11,SP,cama_mesa_banho,bed_bath_table,1,134.9,21.43,156.33,13
4f85d5b9,2017-08-11,BA,informatica_acessorios,computers_accessories,1,104.9,43.14,148.04,14
a92a6fc4,2017-08-11,SP,esporte_lazer,sports_leisure,1,584.9,16.65,601.55,5
4254f084,2017-08-11,SP,informatica_acessorios,computers_accessories,1,265.99,9.12,275.11,5
0a0090ae,2017-08-11,SP,cama_mesa_banho,bed_bath_table,2,132.49,24.78,157.27,10
c8d183fd,2017-08-12,BA,cama_mesa_banho,bed_bath_table,1,205.0,28.81,233.81,20
601aeff1,2017-08-12,SP,perfumaria,perfumery,1,56.99,11.9,68.89,6
723ad8c0,2017-08-12,MG,ferramentas_jardim,garden_tools,1,16.9,15.1,32.0,9
2c3723bb,2017-08-12,TO,relogios_presentes,watches_gifts,1,62.83,35.76,98.59,19
c68531b8,2017-08-12,RS,climatizacao,air_conditioning,1,109.0,29.16,138.16,34
82a779af,2017-08-12,SP,esporte_lazer,sports_leisure,1,21.0,7.78,28.78,4
44bba9f4,2017-08-13,SP,telefonia,telephony,1,18.99,7.78,26.77,5
1df7ded3,2017-08-13,SP,bebes,baby,1,185.0,27.84,212.84,9
ab12a70f,2017-08-13,RJ,cama_mesa_banho,bed_bath_table,1,89.9,17.88,107.78,15
f52e3e33,2017-08-13,MG,brinquedos,toys,1,21.9,15.1,37.0,8
806d3b5f,2017-08-14,DF,alimentos_bebidas,food_drink,1,38.99,15.11,54.1,9
403ba4b2,2017-08-14,RS,telefonia_fixa,fixed_telephony,1,19.99,14.1,34.09,17
14ed8697,2017-08-14,SP,informatica_acessorios,computers_accessories,1,49.95,8.27,58.22,3
c56e8d08,2017-08-14,SP,bebes,baby,1,50.0,11.73,61.73,2
2c8166a4,2017-08-14,BA,fashion_bolsas_e_acessorios,fashion_bags_accessories,1,39.99,16.79,56.78,6
9a09c8f0,2017-08-15,SP,fashion_bolsas_e_acessorios,fashion_bags_accessories,1,49.0,7.78,56.78,7
60228684,2017-08-15,MG,moveis_decoracao,furniture_decor,1,51.92,16.12,68.04,14
b5982bf8,2017-08-15,GO,cama_mesa_banho,bed_bath_table,1,220.0,22.03,242.03,16
c52137e8,2017-08-15,MS,informatica_acessorios,computers_accessories,1,119.9,27.38,147.28,9
189ede25,2017-08-15,ES,moveis_escritorio,office_furniture,1,219.99,60.09,280.08,17
dbd1cbc0,2017-08-15,ES,cama_mesa_banho,bed_bath_table,1,200.0,26.24,226.24,14
8265a551,2017-08-15,GO,moveis_decoracao,furniture_decor,1,229.99,58.28,288.27,14
a0147b55,2017-08-16,RJ,cama_mesa_banho,bed_bath_table,1,197.43,21.87,219.3,12
cf4eb4d5,2017-08-16,MG,cama_mesa_banho,bed_bath_table,1,24.9,15.1,40.0,8
b5855f3b,2017-08-16,SP,automotivo,auto,1,54.9,11.88,66.78,4
3d4e8e0a,2017-08-16,RJ,brinquedos,toys,1,106.99,53.35,160.34,13
cb33ba59,2017-08-16,SC,moveis_decoracao,furniture_decor,2,33.8,30.2,64.0,19
952df1e4,2017-08-16,PE,fashion_underwear_e_moda_praia,fashion_underwear_beach,1,49.9,25.63,75.53,41
5af72703,2017-08-16,SP,cama_mesa_banho,bed_bath_table,1,65.9,12.8,78.7,11
3ad3f961,2017-08-16,RS,ferramentas_jardim,garden_tools,1,59.9,17.67,77.57,18
41edd30a,2017-08-16,SP,market_place,market_place,1,59.9,15.18,75.08,7
157d64d3,2017-08-17,RJ,cool_stuff,cool_stuff,1,39.9,7.94,47.84,11
b52dc8a3,2017-08-17,SC,instrumentos_musicais,musical_instruments,1,129.9,18.16,148.06,11
496b684e,2017-08-17,SP,pet_shop,pet_shop,1,39.0,13.37,52.37,7
f6ba2b60,2017-08-17,MG,fashion_roupa_masculina,fashion_male_clothing,1,131.0,27.46,158.46,12
9d7b5f17,2017-08-17,SP,moveis_decoracao,furniture_decor,1,169.0,16.89,185.89,7
8713b68a,2017-08-18,MG,fashion_calcados,fashion_shoes,1,32.9,15.79,48.69,17
0e6cf8f2,2017-08-18,SP,informatica_acessorios,computers_accessories,1,167.0,16.93,183.93,11
bf2e7a6b,2017-08-18,DF,esporte_lazer,sports_leisure,2,45.0,62.2,107.2,14
66388e4c,2017-08-19,SC,perfumaria,perfumery,1,106.9,17.19,124.09,12
92ee8a7c,2017-08-19,RJ,beleza_saude,health_beauty,1,23.99,15.1,39.09,6
22fe4858,2017-08-19,SP,automotivo,auto,1,29.9,17.92,47.82,9
b3e8f5b1,2017-08-19,RS,utilidades_domesticas,housewares,1,189.9,20.82,210.72,10
0607a1c0,2017-08-19,SP,utilidades_domesticas,housewares,1,42.9,21.18,64.08,3
fd287f61,2017-08-20,SP,cama_mesa_banho,bed_bath_table,1,200.0,15.01,215.01,4
68553e9e,2017-08-20,MG,informatica_acessorios,computers_accessories,1,105.0,32.17,137.17,11
79c05a5c,2017-08-20,PE,cool_stuff,cool_stuff,1,199.99,36.72,236.71,29
6731ed65,2017-08-20,RJ,brinquedos,toys,1,269.99,13.34,283.33,3
df275b3b,2017-08-20,SC,ferramentas_jardim,garden_tools,1,59.9,17.67,77.57,11
11f81f5b,2017-08-21,SP,pet_shop,pet_shop,2,73.6,15.56,89.16,2
4c27ea95,2017-08-21,PR,ferramentas_jardim,garden_tools,1,74.14,15.28,89.42,9
c8cc2361,2017-08-21,RS,automotivo,auto,1,34.0,14.1,48.1,7
b92fc3d1,2017-08-21,SP,beleza_saude,health_beauty,1,23.99,7.78,31.77,3
1aa41f17,2017-08-21,SP,beleza_saude,health_beauty,1,85.9,12.1,98.0,8
c284a43b,2017-08-21,SP,cool_stuff,cool_stuff,1,150.0,13.39,163.39,7
e10eb327,2017-08-21,DF,pet_shop,pet_shop,1,95.0,20.16,115.16,10
576a4c1c,2017-08-21,SP,moveis_decoracao,furniture_decor,1,51.92,12.7,64.62,6
9786fe4b,2017-08-21,RJ,beleza_saude,health_beauty,1,349.9,19.02,368.92,9
a38d122a,2017-08-22,PR,esporte_lazer,sports_leisure,2,119.8,41.82,161.62,8
7c3e480e,2017-08-22,SP,cool_stuff,cool_stuff,2,108.8,33.77,142.57,7
2501d981,2017-08-22,SP,beleza_saude,health_beauty,1,200.0,12.61,212.61,30
431fe12f,2017-08-22,RJ,moveis_decoracao,furniture_decor,1,46.99,16.11,63.1,17
9b80fe8a,2017-08-22,MG,telefonia,telephony,1,49.99,16.11,66.1,7
4ec86865,2017-08-22,MG,moveis_escritorio,office_furniture,1,176.99,53.84,230.83,20
53fcc6ac,2017-08-23,SP,fashion_bolsas_e_acessorios,fashion_bags_accessories,1,40.0,11.85,51.85,2
765d8e5f,2017-08-23,RS,cama_mesa_banho,bed_bath_table,1,70.74,16.26,87.0,13
6adb69c0,2017-08-23,PR,brinquedos,toys,1,79.9,12.69,92.59,6
88103bcb,2017-08-23,SP,esporte_lazer,sports_leisure,1,29.0,9.27,38.27,5
152743f1,2017-08-24,MG,cool_stuff,cool_stuff,1,249.9,97.16,347.06,12
2aeccc79,2017-08-24,SP,livros_tecnicos,books_technical,1,180.0,13.82,193.82,4
7c2fcd2d,2017-08-24,MG,moveis_decoracao,furniture_decor,3,247.8,68.51,316.31,4
6ff94252,2017-08-24,PE,market_place,market_place,1,58.0,17.69,75.69,10
6414e4e3,2017-08-25,MG,eletronicos,electronics,1,18.9,16.79,35.69,14
55ceb70e,2017-08-25,PA,cool_stuff,cool_stuff,1,69.99,20.89,90.88,17
c12ae667,2017-08-25,SP,utilidades_domesticas,housewares,1,45.99,13.37,59.36,6
2b4f5c83,2017-08-25,SP,pet_shop,pet_shop,1,32.64,11.85,44.49,6
0c4a2367,2017-08-25,CE,telefonia,telephony,1,309.99,27.45,337.44,26
662dd9cf,2017-08-25,RJ,relogios_presentes,watches_gifts,1,29.0,14.1,43.1,14
371f13dd,2017-08-26,MA,casa_conforto,home_confort,1,599.0,66.87,665.87,17
ed0edd95,2017-08-26,SP,esporte_lazer,sports_leisure,1,111.9,16.41,128.31,6
80083ca1,2017-08-26,MS,dvds_blu_ray,dvds_blu_ray,1,19.9,15.79,35.69,11
2bef1137,2017-08-26,SP,cama_mesa_banho,bed_bath_table,1,159.99,16.75,176.74,5
24f17834,2017-08-26,GO,cama_mesa_banho,bed_bath_table,1,195.0,26.21,221.21,10
e7e73535,2017-08-26,MG,moveis_decoracao,furniture_decor,1,199.99,78.42,278.41,8
6e60f42e,2017-08-26,GO,brinquedos,toys,1,45.9,14.1,60.0,9
425de35c,2017-08-26,SP,moveis_decoracao,furniture_decor,1,219.9,58.21,278.11,16
d1ea55f7,2017-08-26,PR,brinquedos,toys,1,49.9,15.1,65.0,4
617e05cd,2017-08-26,SP,esporte_lazer,sports_leisure,1,37.49,11.85,49.34,8
68a3e4dc,2017-08-27,GO,cool_stuff,cool_stuff,6,80.94,90.6,171.54,4
84163f7d,2017-08-28,MG,utilidades_domesticas,housewares,1,89.9,16.39,106.29,8
69a94e2d,2017-08-28,SP,beleza_saude,health_beauty,1,118.9,14.56,133.46,24
33ce1268,2017-08-28,MT,fashion_bolsas_e_acessorios,fashion_bags_accessories,1,45.0,16.79,61.79,9
bf61fe4a,2017-08-28,SP,informatica_acessorios,computers_accessories,2,39.98,17.44,57.42,1
e647bf61,2017-08-29,SP,consoles_games,consoles_games,1,49.99,15.1,65.09,6
a75d4b74,2017-08-29,SP,moveis_decoracao,furniture_decor,1,249.9,62.49,312.39,13
7563534c,2017-08-29,SE,automotivo,auto,1,25.99,34.15,60.14,13
6b24cf05,2017-08-29,BA,pcs,computers,1,1200.0,21.52,1221.52,3
3c90356d,2017-08-29,SP,esporte_lazer,sports_leisure,1,59.0,9.34,68.34,3
bba3165d,2017-08-29,SP,perfumaria,perfumery,1,140.88,14.01,154.89,6
0c53c83d,2017-08-29,MG,beleza_saude,health_beauty,1,315.0,19.46,334.46,15
8f0dec20,2017-08-30,RO,brinquedos,toys,1,49.9,21.15,71.05,15
9337001e,2017-08-30,RS,informatica_acessorios,computers_accessories,1,155.0,15.84,170.84,9
15360da0,2017-08-30,SP,esporte_lazer,sports_leisure,1,39.99,14.1,54.09,6
1aba19a1,2017-08-30,RS,pet_shop,pet_shop,1,139.99,16.74,156.73,8
f92ef153,2017-08-31,SC,automotivo,auto,1,29.9,12.6,42.5,15
8dc4c4d7,2017-08-31,RJ,moveis_decoracao,furniture_decor,1,189.9,29.73,219.63,40
51ee6ec9,2017-08-31,RS,relogios_presentes,watches_gifts,1,55.0,16.83,71.83,19
12a1bc73,2017-08-31,ES,utilidades_domesticas,housewares,1,169.9,20.68,190.58,21
b1ce066a,2017-08-31,SP,pet_shop,pet_shop,1,120.0,13.18,133.18,11
46dace37,2017-08-31,SP,informatica_acessorios,computers_accessories,1,104.9,16.36,121.26,8
270087d9,2017-08-31,SP,cama_mesa_banho,bed_bath_table,1,49.0,12.69,61.69,8
f1da12bb,2017-08-31,RS,fashion_bolsas_e_acessorios,fashion_bags_accessories,1,29.9,15.1,45.0,11
9d31db54,2017-08-31,SP,fashion_underwear_e_moda_praia,fashion_underwear_beach,1,69.9,12.83,82.73,6
4122be7d,2017-08-31,DF,fashion_bolsas_e_acessorios,fashion_bags_accessories,1,69.0,14.23,83.23,8
e813b971,2017-09-01,PR,esporte_lazer,sports_leisure,1,466.0,23.75,489.75,13
396edbf3,2017-09-01,MA,beleza_saude,health_beauty,1,98.0,38.24,136.24,12
d63279c7,2017-09-01,SP,esporte_lazer,sports_leisure,1,69.9,16.12,86.02,12
02836951,2017-09-01,SP,moveis_decoracao,furniture_decor,1,39.99,11.85,51.84,11
0184d4dd,2017-09-01,SP,utilidades_domesticas,housewares,1,75.0,16.16,91.16,7
8f7176f3,2017-09-02,BA,ferramentas_jardim,garden_tools,2,218.0,89.68,307.68,12
5a610ef4,2017-09-02,SP,eletronicos,electronics,1,18.9,15.1,34.0,17
f0dd9af8,2017-09-02,SP,non_renseignee,not_specified,1,84.9,15.35,100.25,12
fb8e4428,2017-09-03,SP,relogios_presentes,watches_gifts,5,849.5,63.45,912.95,3
3df55fc0,2017-09-03,GO,cool_stuff,cool_stuff,2,282.63,33.97,316.6,2
bf474eae,2017-09-04,SP,telefonia,telephony,1,174.0,22.02,196.02,7
9e7752c1,2017-09-04,SP,pcs,computers,1,1299.9,38.51,1338.41,7
aaab824b,2017-09-04,RS,moveis_decoracao,furniture_decor,1,59.9,17.67,77.57,29
ab7a8658,2017-09-04,TO,esporte_lazer,sports_leisure,1,107.0,37.89,144.89,18
170dcd77,2017-09-04,GO,cama_mesa_banho,bed_bath_table,1,189.9,22.17,212.07,14
8563f78b,2017-09-05,MG,eletronicos,electronics,1,206.0,49.97,255.97,7
84f721af,2017-09-05,RJ,relogios_presentes,watches_gifts,1,149.99,18.62,168.61,14
20aea918,2017-09-05,ES,cool_stuff,cool_stuff,1,356.8,27.34,384.14,9
c6c99f96,2017-09-05,PR,relogios_presentes,watches_gifts,1,29.0,14.1,43.1,15
7d11ea85,2017-09-05,CE,cama_mesa_banho,bed_bath_table,1,69.9,27.03,96.93,15
95fdb59e,2017-09-05,SP,construcao_ferramentas_ferramentas,costruction_tools_tools,1,167.9,16.81,184.71,7
e6644b4a,2017-09-05,SP,papelaria,stationery,1,79.0,13.57,92.57,5
8c8681ba,2017-09-05,SP,malas_acessorios,luggage_accessories,1,149.9,12.25,162.15,5
4febe1be,2017-09-06,RJ,moveis_escritorio,office_furniture,1,279.99,91.19,371.18,15
3287906d,2017-09-06,SP,perfumaria,perfumery,1,39.9,16.79,56.69,13
4e2be877,2017-09-06,SP,esporte_lazer,sports_leisure,1,43.99,16.11,60.1,6
34fd1d0a,2017-09-07,RJ,relogios_presentes,watches_gifts,1,95.0,14.42,109.42,14
4c30a2a3,2017-09-07,PI,telefonia,telephony,1,21.99,34.15,56.14,21
4d8d0b47,2017-09-07,RJ,papelaria,stationery,1,59.9,25.26,85.16,11
67f45b91,2017-09-07,SP,telefonia,telephony,1,29.9,11.85,41.75,15
a739bf47,2017-09-07,SP,pcs,computers,1,1549.99,40.26,1590.25,12
406e7723,2017-09-07,BA,eletrodomesticos_2,home_appliances_2,1,419.8,45.31,465.11,14
4023a762,2017-09-08,SP,cool_stuff,cool_stuff,1,129.0,16.53,145.53,4
ee72cc38,2017-09-08,RS,moveis_decoracao,furniture_decor,1,23.9,42.38,66.28,27
4150ef14,2017-09-08,RJ,consoles_games,consoles_games,1,19.9,15.1,35.0,16
d46d3051,2017-09-09,RS,cama_mesa_banho,bed_bath_table,2,64.65,32.7,97.35,15
9370e779,2017-09-10,MG,brinquedos,toys,1,29.0,16.11,45.11,9
d4732fc6,2017-09-10,PI,relogios_presentes,watches_gifts,1,89.0,21.42,110.42,12
c77105bc,2017-09-10,RO,esporte_lazer,sports_leisure,3,312.0,114.84,426.84,15
0064d74f,2017-09-10,RJ,cool_stuff,cool_stuff,1,189.9,31.17,221.07,3
24c6142a,2017-09-11,MG,bebes,baby,3,223.38,47.28,270.66,4
6525d9ab,2017-09-11,GO,non_renseignee,not_specified,1,137.88,18.22,156.1,8
69179b97,2017-09-11,MG,informatica_acessorios,computers_accessories,1,139.97,19.86,159.83,4
b5a304ee,2017-09-11,SP,cama_mesa_banho,bed_bath_table,1,48.9,11.85,60.75,4
84725ed0,2017-09-11,SP,alimentos_bebidas,food_drink,1,39.0,7.78,46.78,7
1cafec05,2017-09-11,SP,cool_stuff,cool_stuff,1,139.9,13.11,153.01,6
b471c25a,2017-09-11,SP,cama_mesa_banho,bed_bath_table,1,209.9,16.22,226.12,7
0fdb712f,2017-09-11,SP,beleza_saude,health_beauty,1,18.17,11.85,30.02,4
e4e0be4d,2017-09-11,BA,esporte_lazer,sports_leisure,1,96.9,19.92,116.82,7
ef4927f5,2017-09-11,SP,relogios_presentes,watches_gifts,1,55.0,7.78,62.78,1
4ba950df,2017-09-12,SP,bebes,baby,1,172.33,18.49,190.82,10
161a7058,2017-09-12,SP,relogios_presentes,watches_gifts,1,49.0,11.85,60.85,7
96c7412c,2017-09-12,RJ,moveis_decoracao,furniture_decor,2,458.0,100.68,558.68,6
757fc9c2,2017-09-12,SP,beleza_saude,health_beauty,1,34.99,11.85,46.84,7
ca99d0db,2017-09-12,PI,instrumentos_musicais,musical_instruments,2,131.8,71.56,203.36,16
eaf817b1,2017-09-12,DF,telefonia,telephony,1,54.9,17.66,72.56,6
5144dbb4,2017-09-12,GO,beleza_saude,health_beauty,1,59.9,35.74,95.64,14
9575356f,2017-09-13,RJ,esporte_lazer,sports_leisure,2,75.98,30.22,106.2,13
0fafae9d,2017-09-13,PI,brinquedos,toys,1,75.0,21.33,96.33,12
5d370cc8,2017-09-13,RJ,fashion_bolsas_e_acessorios,fashion_bags_accessories,1,49.9,14.1,64.0,13
3921700d,2017-09-13,SP,brinquedos,toys,1,39.9,13.37,53.27,4
451f91bc,2017-09-13,SP,livros_interesse_geral,books_general_interest,1,137.4,12.17,149.57,1
54567694,2017-09-14,SP,relogios_presentes,watches_gifts,1,185.99,10.12,196.11,2
830766a6,2017-09-14,SP,eletroportateis,small_appliances,1,109.0,13.78,122.78,19
8dc3550f,2017-09-14,RJ,informatica_acessorios,computers_accessories,1,149.99,40.38,190.37,11
5355cd27,2017-09-14,GO,cama_mesa_banho,bed_bath_table,1,165.99,26.0,191.99,10
5bc73b0c,2017-09-14,CE,utilidades_domesticas,housewares,1,69.9,32.94,102.84,21
4a5d255c,2017-09-15,RS,bebes,baby,1,25.0,15.1,40.1,14
37b0e2f6,2017-09-15,MG,casa_construcao,home_construction,1,89.99,17.88,107.87,5
fc050583,2017-09-15,MG,eletronicos,electronics,1,139.0,27.51,166.51,10
0d56a836,2017-09-15,SP,moveis_decoracao,furniture_decor,1,24.9,12.69,37.59,5
0ffe5d08,2017-09-15,SP,fashion_bolsas_e_acessorios,fashion_bags_accessories,1,60.0,11.92,71.92,6
386ea83c,2017-09-15,SP,cama_mesa_banho,bed_bath_table,1,72.0,12.0,84.0,9
738ab6c7,2017-09-15,SP,utilidades_domesticas,housewares,1,48.0,9.34,57.34,9
ab036b68,2017-09-16,SP,eletroportateis,small_appliances,1,1890.0,46.5,1936.5,10
184d0d27,2017-09-16,MG,bebes,baby,1,419.9,86.8,506.7,6
e1d90e4b,2017-09-16,RS,beleza_saude,health_beauty,1,169.76,16.95,186.71,17
8349d82b,2017-09-16,RS,moveis_decoracao,furniture_decor,1,790.0,28.33,818.33,22
1001037a,2017-09-17,SP,brinquedos,toys,1,94.99,14.41,109.4,10
d2d690bc,2017-09-17,RJ,beleza_saude,health_beauty,2,336.96,19.1,356.06,4
3deef99f,2017-09-17,SP,cama_mesa_banho,bed_bath_table,1,209.9,16.22,226.12,8
bc16cd35,2017-09-17,CE,informatica_acessorios,computers_accessories,1,65.0,25.73,90.73,17
fa1ad0a2,2017-09-18,SP,cool_stuff,cool_stuff,1,99.9,16.46,116.36,7
3649c428,2017-09-18,BA,moveis_escritorio,office_furniture,1,79.99,29.6,109.59,30
8e9739a3,2017-09-19,RJ,moveis_escritorio,office_furniture,2,179.98,53.9,233.88,22
e49d66c3,2017-09-19,MG,malas_acessorios,luggage_accessories,1,86.9,14.34,101.24,6
01f78824,2017-09-19,RS,artes,art,1,48.65,17.6,66.25,17
5f8b2bc1,2017-09-20,RJ,cama_mesa_banho,bed_bath_table,1,69.9,17.74,87.64,14
caebb338,2017-09-20,SP,brinquedos,toys,1,99.0,11.9,110.9,2
088217fa,2017-09-20,AC,cama_mesa_banho,bed_bath_table,1,148.0,38.83,186.83,20
9a96e09d,2017-09-20,PE,brinquedos,toys,1,86.99,29.01,116.0,13
60721992,2017-09-21,PR,informatica_acessorios,computers_accessories,2,248.99,83.34,332.33,11
fbb12f53,2017-09-21,CE,casa_conforto,home_confort,1,76.9,28.94,105.84,18
b6bd1aa9,2017-09-21,SP,cama_mesa_banho,bed_bath_table,2,73.0,32.22,105.22,12
7b41dd01,2017-09-21,SP,beleza_saude,health_beauty,1,48.9,13.37,62.27,8
6e91382a,2017-09-21,SP,perfumaria,perfumery,1,105.0,7.99,112.99,3
2fc1b0a2,2017-09-22,RJ,cama_mesa_banho,bed_bath_table,1,113.0,18.04,131.04,14
e6c487a0,2017-09-22,RJ,sinalizacao_e_seguranca,signaling_and_security,1,116.0,15.56,131.56,17
ae55c180,2017-09-22,PR,relogios_presentes,watches_gifts,1,24.99,15.1,40.09,13
c536b6b7,2017-09-22,RS,papelaria,stationery,1,110.0,18.02,128.02,13
99ac1b8b,2017-09-22,SP,relogios_presentes,watches_gifts,1,189.0,8.58,197.58,10
2fc4ba49,2017-09-22,RJ,bebes,baby,2,284.66,39.68,324.34,11
e2b182ec,2017-09-22,MG,brinquedos,toys,1,38.89,17.6,56.49,14
4f8a03b9,2017-09-22,SP,beleza_saude,health_beauty,1,34.99,13.37,48.36,6
de95c0af,2017-09-22,SC,construcao_ferramentas_jardim,costruction_tools_garden,1,74.9,14.39,89.29,10
5b00e836,2017-09-23,MG,automotivo,auto,1,99.0,18.31,117.31,10
bb204318,2017-09-23,SP,automotivo,auto,1,179.49,9.45,188.94,3
9c9b21a2,2017-09-23,PA,esporte_lazer,sports_leisure,1,279.99,37.32,317.31,18
d24633e7,2017-09-23,MG,cool_stuff,cool_stuff,1,132.9,21.42,154.32,10
498461a2,2017-09-24,SE,automotivo,auto,1,147.9,34.7,182.6,50
e070ab90,2017-09-24,RS,automotivo,auto,1,59.9,25.26,85.16,16
8cfce471,2017-09-24,SP,brinquedos,toys,1,89.9,12.13,102.03,4
46187163,2017-09-25,SP,automotivo,auto,1,37.9,8.27,46.17,11
d2d141fc,2017-09-25,SP,cama_mesa_banho,bed_bath_table,1,49.0,12.69,61.69,4
52a19730,2017-09-25,PE,beleza_saude,health_beauty,1,89.99,17.91,107.9,13
ce699ae4,2017-09-25,RS,moveis_decoracao,furniture_decor,1,49.9,14.1,64.0,9
7a76fba5,2017-09-25,ES,beleza_saude,health_beauty,1,37.9,15.1,53.0,9
1ce7fbaa,2017-09-25,SP,esporte_lazer,sports_leisure,1,69.9,15.24,85.14,8
3c342989,2017-09-26,SP,relogios_presentes,watches_gifts,1,258.9,16.56,275.46,6
50f90eb2,2017-09-26,SC,papelaria,stationery,1,99.0,17.94,116.94,19
b033496f,2017-09-26,RJ,brinquedos,toys,1,160.0,16.88,176.88,10
b630fa31,2017-09-26,BA,cool_stuff,cool_stuff,1,126.0,64.3,190.3,14
a5a2ab90,2017-09-26,SP,bebes,baby,1,70.0,16.74,86.74,17
3e4c8b87,2017-09-26,RN,non_renseignee,not_specified,1,39.9,25.38,65.28,10
278c6295,2017-09-26,PB,automotivo,auto,1,112.33,25.34,137.67,37
d6a3975b,2017-09-26,SP,cama_mesa_banho,bed_bath_table,1,24.9,11.85,36.75,7
0412b784,2017-09-26,SP,esporte_lazer,sports_leisure,1,269.99,22.73,292.72,15
c442147f,2017-09-27,DF,beleza_saude,health_beauty,1,79.9,16.32,96.22,13
f864cbdd,2017-09-27,RN,utilidades_domesticas,housewares,1,18.99,22.67,41.66,27
92856329,2017-09-27,SP,papelaria,stationery,1,48.9,11.85,60.75,7
5a87769f,2017-09-27,SP,telefonia_fixa,fixed_telephony,1,149.95,15.8,165.75,5
72b34ae1,2017-09-27,RJ,cama_mesa_banho,bed_bath_table,1,154.9,23.95,178.85,12
aac66aa3,2017-09-28,MG,cool_stuff,cool_stuff,1,25.0,17.92,42.92,19
c7ede3b9,2017-09-29,SP,bebes,baby,1,50.0,11.73,61.73,7
b910a2d8,2017-09-29,SP,cama_mesa_banho,bed_bath_table,1,64.9,7.78,72.68,6
531aae93,2017-09-29,ES,cool_stuff,cool_stuff,1,99.99,16.95,116.94,10
3bb74b87,2017-09-29,ES,brinquedos,toys,1,279.99,47.43,327.42,13
8eeb55cd,2017-09-30,SP,moveis_sala,furniture_living_room,1,179.99,16.98,196.97,8
df07571c,2017-09-30,SP,beleza_saude,health_beauty,1,59.99,9.34,69.33,10
cab08f04,2017-09-30,BA,fashion_roupa_infanto_juvenil,fashion_childrens_clothes,1,89.99,17.07,107.06,29
4b641d69,2017-09-30,RS,perfumaria,perfumery,1,106.74,18.0,124.74,16
93fe3d33,2017-09-30,MG,ferramentas_jardim,garden_tools,1,99.0,22.83,121.83,6
17afedb7,2017-10-01,SP,automotivo,auto,1,54.9,16.01,70.91,9
ece61a99,2017-10-01,MG,moveis_decoracao,furniture_decor,1,169.9,31.94,201.84,10
98877a50,2017-10-01,RJ,cool_stuff,cool_stuff,2,139.8,39.46,179.26,17
db43c1a5,2017-10-01,SP,cama_mesa_banho,bed_bath_table,1,169.9,16.82,186.72,2
1b4a0e6b,2017-10-02,SP,beleza_saude,health_beauty,1,37.9,11.85,49.75,4
97060233,2017-10-02,RJ,papelaria,stationery,1,99.0,17.94,116.94,8
e6f10797,2017-10-02,RS,cama_mesa_banho,bed_bath_table,1,165.0,16.91,181.91,8
81039bb5,2017-10-03,SP,fashion_bolsas_e_acessorios,fashion_bags_accessories,2,79.7,15.88,95.58,7
213ede0c,2017-10-03,SP,ferramentas_jardim,garden_tools,1,99.0,41.08,140.08,7
52c61c31,2017-10-03,RJ,relogios_presentes,watches_gifts,1,1099.99,21.45,1121.44,10
5499acc5,2017-10-03,RJ,cama_mesa_banho,bed_bath_table,2,158.42,29.55,187.97,12
93fd94c9,2017-10-03,MG,fashion_underwear_e_moda_praia,fashion_underwear_beach,1,49.9,15.1,65.0,10
65e6b525,2017-10-03,GO,cool_stuff,cool_stuff,1,199.0,38.94,237.94,12
c31c5506,2017-10-04,GO,perfumaria,perfumery,1,16.9,14.1,31.0,26
d3057dd3,2017-10-04,RS,cool_stuff,cool_stuff,1,129.99,18.16,148.15,9
2c7fa9ba,2017-10-04,SP,construcao_ferramentas_construcao,construction_tools_construction,1,32.0,8.27,40.27,9
4c342c53,2017-10-04,PI,cool_stuff,cool_stuff,1,119.99,38.39,158.38,12
a24e28c5,2017-10-04,SE,cama_mesa_banho,bed_bath_table,1,109.9,38.32,148.22,14
f82a2055,2017-10-05,SP,telefonia,telephony,2,59.8,15.56,75.36,2
24b05559,2017-10-06,SP,beleza_saude,health_beauty,1,81.0,8.76,89.76,3
12d55709,2017-10-06,SP,beleza_saude,health_beauty,1,64.9,7.78,72.68,7
51abb20b,2017-10-07,ES,cama_mesa_banho,bed_bath_table,1,69.99,16.74,86.73,17
c671f907,2017-10-07,RJ,consoles_games,consoles_games,1,90.0,15.39,105.39,13
6a5f6e13,2017-10-07,SP,moveis_decoracao,furniture_decor,2,75.0,26.74,101.74,9
c559ef79,2017-10-08,ES,moveis_decoracao,furniture_decor,1,75.0,21.02,96.02,15
bd4e6b47,2017-10-08,SP,utilidades_domesticas,housewares,1,79.9,16.32,96.22,8
7581fe5b,2017-10-08,SP,cool_stuff,cool_stuff,1,249.9,60.3,310.2,8
ffaa8de9,2017-10-08,SP,pet_shop,pet_shop,1,114.0,12.93,126.93,8
b0e1d9af,2017-10-08,SP,pet_shop,pet_shop,1,120.0,15.6,135.6,7
b123e22f,2017-10-08,SP,perfumaria,perfumery,1,143.0,38.55,181.55,8
1237d70d,2017-10-09,RJ,utilidades_domesticas,housewares,1,58.0,17.66,75.66,57
ee84d189,2017-10-09,PE,cool_stuff,cool_stuff,1,269.9,19.17,289.07,28
30022205,2017-10-09,PR,utilidades_domesticas,housewares,2,43.6,30.2,73.8,6
2763f116,2017-10-09,CE,perfumaria,perfumery,1,84.99,25.87,110.86,23
83b2d648,2017-10-09,MT,informatica_acessorios,computers_accessories,1,149.99,57.28,207.27,18
66b090d3,2017-10-09,RS,relogios_presentes,watches_gifts,1,369.9,16.34,386.24,10
828a705e,2017-10-09,SP,bebes,baby,1,99.0,16.45,115.45,21
9b1685c1,2017-10-09,SP,cama_mesa_banho,bed_bath_table,1,39.0,8.72,47.72,17
747cce3a,2017-10-09,PR,automotivo,auto,1,241.1,39.53,280.63,8
33a08d5c,2017-10-10,RJ,telefonia,telephony,1,49.99,14.1,64.09,9
64c448c5,2017-10-10,RJ,cool_stuff,cool_stuff,1,59.99,16.67,76.66,13
bc76bb0f,2017-10-10,SC,brinquedos,toys,1,49.99,14.1,64.09,3
f05357e2,2017-10-10,MG,esporte_lazer,sports_leisure,3,74.7,45.3,120.0,8
5c7fb419,2017-10-10,RJ,esporte_lazer,sports_leisure,1,120.0,8.26,128.26,19
965755db,2017-10-10,SP,perfumaria,perfumery,1,105.43,12.24,117.67,8
79b57d07,2017-10-10,SP,brinquedos,toys,1,259.4,19.07,278.47,9
8418f6b2,2017-10-11,SP,consoles_games,consoles_games,1,454.0,11.99,465.99,14
6faf5506,2017-10-11,SC,moveis_decoracao,furniture_decor,1,75.0,21.02,96.02,12
d839ea07,2017-10-11,RJ,cama_mesa_banho,bed_bath_table,4,249.85,60.85,310.7,6
931f767e,2017-10-11,RS,beleza_saude,health_beauty,1,65.0,20.94,85.94,9
366e3653,2017-10-11,RS,relogios_presentes,watches_gifts,1,29.99,16.79,46.78,20
3d5eced9,2017-10-12,MG,automotivo,auto,1,219.9,28.92,248.82,19
5f85459f,2017-10-12,MG,relogios_presentes,watches_gifts,1,799.99,21.36,821.35,7
0825a0aa,2017-10-12,RN,cool_stuff,cool_stuff,1,149.9,43.08,192.98,22
1ef7cb5f,2017-10-12,ES,cama_mesa_banho,bed_bath_table,1,199.9,26.24,226.14,12
3a5b3bfc,2017-10-12,SP,pet_shop,pet_shop,1,78.0,13.57,91.57,7
342aec7e,2017-10-12,MG,brinquedos,toys,1,39.0,16.11,55.11,6
41272756,2017-10-12,PA,telefonia,telephony,1,25.99,17.63,43.62,20
dc0f17c8,2017-10-13,SP,perfumaria,perfumery,1,13.99,11.85,25.84,4
fed5e295,2017-10-13,SP,cool_stuff,cool_stuff,1,48.9,11.73,60.63,6
bb853f64,2017-10-13,MS,moveis_decoracao,furniture_decor,1,72.9,16.27,89.17,14
9bfbec62,2017-10-13,SP,bebes,baby,1,48.9,9.94,58.84,6
5c63162f,2017-10-13,SP,cool_stuff,cool_stuff,1,48.9,11.73,60.63,3
9de8f8dd,2017-10-14,SP,beleza_saude,health_beauty,1,23.99,11.85,35.84,5
813c6374,2017-10-14,DF,esporte_lazer,sports_leisure,1,35.9,14.1,50.0,17
9e44e89d,2017-10-14,SP,esporte_lazer,sports_leisure,1,99.0,17.94,116.94,9
da1990d1,2017-10-14,SP,perfumaria,perfumery,1,143.0,38.55,181.55,20
37aad43a,2017-10-14,RS,esporte_lazer,sports_leisure,1,194.0,16.11,210.11,10
9b808cd8,2017-10-15,PR,esporte_lazer,sports_leisure,1,35.9,14.1,50.0,13
1eb9a93c,2017-10-15,SP,relogios_presentes,watches_gifts,1,159.9,12.62,172.52,9
ae7b08af,2017-10-15,SP,moveis_decoracao,furniture_decor,1,50.9,12.7,63.6,7
c589526d,2017-10-16,MG,cool_stuff,cool_stuff,1,169.9,17.63,187.53,15
646f1971,2017-10-16,CE,esporte_lazer,sports_leisure,1,39.99,42.38,82.37,17
accf0109,2017-10-16,RJ,relogios_presentes,watches_gifts,1,149.0,16.48,165.48,9
bc47e570,2017-10-16,RJ,consoles_games,consoles_games,1,38.0,30.0,68.0,18
3b4f9105,2017-10-16,BA,moveis_escritorio,office_furniture,1,139.99,17.42,157.41,24
8e3944fa,2017-10-16,SP,esporte_lazer,sports_leisure,1,466.0,18.89,484.89,7
98dd9c43,2017-10-17,SP,cool_stuff,cool_stuff,1,129.99,12.11,142.1,7
0852e5a6,2017-10-17,SC,cool_stuff,cool_stuff,1,169.9,15.94,185.84,23
6b3badf7,2017-10-17,RJ,consoles_games,consoles_games,1,19.9,15.1,35.0,10
0c4a1120,2017-10-17,SP,esporte_lazer,sports_leisure,3,88.5,48.33,136.83,8
f82b736a,2017-10-17,SP,industria_comercio_e_negocios,industry_commerce_and_business,1,27.9,16.11,44.01,8
36be18e3,2017-10-17,SP,cama_mesa_banho,bed_bath_table,1,70.0,11.73,81.73,2
9f85c301,2017-10-17,MG,fashion_bolsas_e_acessorios,fashion_bags_accessories,1,49.0,15.1,64.1,6
7ebfb165,2017-10-17,RS,cama_mesa_banho,bed_bath_table,1,113.57,18.04,131.61,6
a4d8e205,2017-10-17,SP,papelaria,stationery,1,79.0,13.57,92.57,5
97439bb2,2017-10-18,RJ,cama_mesa_banho,bed_bath_table,1,99.9,17.95,117.85,28
612d140e,2017-10-18,SP,cama_mesa_banho,bed_bath_table,8,129.38,94.76,224.14,7
ca4bfcce,2017-10-18,BA,telefonia,telephony,3,293.7,48.39,342.09,21
6f634fcc,2017-10-18,PR,cool_stuff,cool_stuff,1,120.0,44.69,164.69,12
8f118ea8,2017-10-19,PR,beleza_saude,health_beauty,1,48.89,15.1,63.99,42
fb1bc334,2017-10-19,RS,eletroportateis,small_appliances,2,149.8,30.56,180.36,8
2009bc59,2017-10-19,BA,papelaria,stationery,1,159.0,20.35,179.35,13
012d8cbe,2017-10-19,RS,malas_acessorios,luggage_accessories,1,83.9,28.99,112.89,14
0ba4b129,2017-10-19,SP,cama_mesa_banho,bed_bath_table,3,99.97,35.54,135.51,6
67b5447a,2017-10-19,RJ,beleza_saude,health_beauty,1,49.99,15.1,65.09,5
d6215a45,2017-10-20,MG,brinquedos,toys,1,164.9,14.17,179.07,8
f5695fb0,2017-10-20,PA,moveis_decoracao,furniture_decor,1,84.9,19.13,104.03,27
610550e4,2017-10-20,RJ,beleza_saude,health_beauty,1,58.99,17.66,76.65,6
44437f0c,2017-10-21,SP,fashion_bolsas_e_acessorios,fashion_bags_accessories,1,87.8,34.41,122.21,9
c95f74e4,2017-10-22,RS,esporte_lazer,sports_leisure,2,199.98,28.9,228.88,19
71ad99b8,2017-10-22,RJ,cama_mesa_banho,bed_bath_table,1,129.9,18.16,148.06,12
a6130d43,2017-10-22,SP,brinquedos,toys,1,99.0,16.32,115.32,8
e09476e5,2017-10-23,SP,brinquedos,toys,1,799.0,18.61,817.61,4
1d037b45,2017-10-23,SP,cama_mesa_banho,bed_bath_table,1,44.9,12.69,57.59,15
c2b18886,2017-10-23,MG,cama_mesa_banho,bed_bath_table,1,40.0,19.59,59.59,18
43542fbe,2017-10-23,SC,eletronicos,electronics,1,25.9,15.1,41.0,14
d86ec981,2017-10-23,AP,beleza_saude,health_beauty,1,109.9,38.32,148.22,17
0ec20e56,2017-10-24,SP,beleza_saude,health_beauty,1,23.99,7.78,31.77,3
a853e48c,2017-10-24,PR,esporte_lazer,sports_leisure,1,54.99,16.14,71.13,10
6e1e856a,2017-10-24,SP,informatica_acessorios,computers_accessories,1,45.9,8.27,54.17,2
6fec4ed0,2017-10-24,RS,ferramentas_jardim,garden_tools,1,59.9,17.67,77.57,14
a9601d06,2017-10-24,CE,telefonia,telephony,1,25.9,25.63,51.53,16
b6cc0551,2017-10-24,SP,utilidades_domesticas,housewares,1,71.0,16.13,87.13,14
98d738e6,2017-10-24,SP,ferramentas_jardim,garden_tools,1,89.99,45.09,135.08,5
93f13382,2017-10-25,MG,esporte_lazer,sports_leisure,1,49.9,15.1,65.0,7
16fd7497,2017-10-25,MG,construcao_ferramentas_jardim,costruction_tools_garden,2,510.0,38.08,548.08,7
02b9a87c,2017-10-25,MG,esporte_lazer,sports_leisure,1,97.0,17.93,114.93,12
49267f83,2017-10-26,MG,informatica_acessorios,computers_accessories,1,49.0,15.1,64.1,8
4412edc4,2017-10-26,GO,brinquedos,toys,1,49.99,34.15,84.14,13
ed8dc0be,2017-10-26,SP,utilidades_domesticas,housewares,1,28.9,12.69,41.59,6
3e25999b,2017-10-26,MA,beleza_saude,health_beauty,1,79.9,38.11,118.01,12
6a117de6,2017-10-26,ES,telefonia,telephony,1,24.99,14.1,39.09,8
ea12bd9e,2017-10-26,SP,papelaria,stationery,1,79.0,13.57,92.57,4
48aa7e4e,2017-10-26,SP,moveis_decoracao,furniture_decor,1,38.4,12.69,51.09,8
bbcc1c8c,2017-10-27,SP,cool_stuff,cool_stuff,3,35.97,15.57,51.54,4
46793731,2017-10-27,MG,telefonia,telephony,1,22.99,15.1,38.09,12
1457abef,2017-10-27,RJ,pcs,computers,1,1340.0,33.83,1373.83,11
79c786a9,2017-10-27,PE,relogios_presentes,watches_gifts,1,55.0,21.19,76.19,21
93709cc8,2017-10-28,SP,beleza_saude,health_beauty,2,133.4,32.93,166.33,10
427a7d86,2017-10-28,RJ,telefonia,telephony,1,280.0,16.71,296.71,10
7123f52d,2017-10-28,RJ,moveis_decoracao,furniture_decor,1,284.9,16.75,301.65,24
5eeac31e,2017-10-29,SP,esporte_lazer,sports_leisure,1,124.9,13.99,138.89,11
5e7d51bf,2017-10-29,SP,informatica_acessorios,computers_accessories,1,28.0,8.27,36.27,5
317d836a,2017-10-30,GO,esporte_lazer,sports_leisure,1,317.0,27.06,344.06,11
61fbc4a7,2017-10-30,PA,malas_acessorios,luggage_accessories,1,299.0,22.49,321.49,9
f3458c24,2017-10-30,GO,brinquedos,toys,1,200.0,24.27,224.27,15
54e7f1eb,2017-10-30,RN,cama_mesa_banho,bed_bath_table,3,365.56,72.45,438.01,29
ed5ca6f6,2017-10-30,CE,esporte_lazer,sports_leisure,1,259.0,34.26,293.26,40
0deba001,2017-10-30,RS,informatica_acessorios,computers_accessories,1,79.8,15.31,95.11,17
6a550414,2017-10-30,SP,eletronicos,electronics,1,18.9,12.48,31.38,9
df3b9784,2017-10-30,GO,relogios_presentes,watches_gifts,1,154.9,16.84,171.74,14
91c4fb2a,2017-10-30,RJ,cama_mesa_banho,bed_bath_table,1,422.0,36.31,458.31,18
7f1fb6cf,2017-10-30,RJ,cool_stuff,cool_stuff,1,249.9,69.21,319.11,8
e7d4ae39,2017-10-31,RJ,cama_mesa_banho,bed_bath_table,3,319.5,18.0,337.5,6
676d6ec8,2017-10-31,AL,moveis_escritorio,office_furniture,5,573.0,49.5,622.5,21
24542fef,2017-10-31,PR,informatica_acessorios,computers_accessories,1,27.9,16.79,44.69,27
e7d88c2b,2017-10-31,SC,livros_tecnicos,books_technical,1,269.0,22.37,291.37,17
1aaf27ba,2017-10-31,RJ,informatica_acessorios,computers_accessories,1,935.0,33.93,968.93,10
4b3c7f83,2017-10-31,SP,relogios_presentes,watches_gifts,1,56.0,7.78,63.78,3
ac7c3a55,2017-10-31,MG,cama_mesa_banho,bed_bath_table,1,88.0,17.87,105.87,7
b52185e6,2017-10-31,SP,ferramentas_jardim,garden_tools,1,59.9,35.93,95.83,6
a2f7c5e2,2017-10-31,SC,papelaria,stationery,1,127.9,20.14,148.04,9
fc771479,2017-11-01,PR,bebes,baby,1,59.9,16.18,76.08,8
4a49f0eb,2017-11-01,SP,esporte_lazer,sports_leisure,1,65.0,8.72,73.72,8
42d3e75e,2017-11-01,RJ,beleza_saude,health_beauty,1,370.47,33.34,403.81,12
786a54ce,2017-11-01,BA,ferramentas_jardim,garden_tools,2,198.0,46.0,244.0,14
97c8513f,2017-11-02,SP,telefonia,telephony,1,19.9,7.78,27.68,6
97b75dda,2017-11-02,RJ,moveis_escritorio,office_furniture,2,225.98,34.16,260.14,13
c4bf028d,2017-11-02,RJ,cama_mesa_banho,bed_bath_table,1,99.9,21.19,121.09,12
54f781d2,2017-11-02,SP,cama_mesa_banho,bed_bath_table,1,134.55,13.96,148.51,7
2d5fcae6,2017-11-02,SP,moveis_escritorio,office_furniture,1,196.99,39.13,236.12,25
0ff4f338,2017-11-03,SP,fashion_roupa_masculina,fashion_male_clothing,1,24.9,11.85,36.75,14
de09e6c4,2017-11-03,PE,informatica_acessorios,computers_accessories,1,35.99,17.63,53.62,17
b93e3a73,2017-11-03,SP,cama_mesa_banho,bed_bath_table,2,91.8,25.38,117.18,10
0fa7d9bf,2017-11-03,SP,cama_mesa_banho,bed_bath_table,1,49.95,12.69,62.64,5
811ecf2d,2017-11-03,AL,informatica_acessorios,computers_accessories,1,177.0,36.56,213.56,18
cd69fdf2,2017-11-04,SP,brinquedos,toys,1,93.55,12.15,105.7,8
cf32e5a0,2017-11-05,RJ,utilidades_domesticas,housewares,1,59.9,17.67,77.57,13
8cbffbe8,2017-11-05,SC,telefonia,telephony,1,28.99,15.1,44.09,16
242bbb3b,2017-11-05,MG,cama_mesa_banho,bed_bath_table,1,59.9,14.15,74.05,4
13149748,2017-11-05,RJ,informatica_acessorios,computers_accessories,1,88.0,15.37,103.37,7
4172384c,2017-11-05,SP,esporte_lazer,sports_leisure,1,171.0,9.94,180.94,3
3e3c4a4d,2017-11-06,MG,brinquedos,toys,2,171.8,42.18,213.98,17
af440633,2017-11-07,SP,ferramentas_jardim,garden_tools,1,59.9,13.44,73.34,20
343d0d5d,2017-11-07,RS,informatica_acessorios,computers_accessories,1,12.88,15.1,27.98,13
a68dcfa3,2017-11-09,MG,cama_mesa_banho,bed_bath_table,1,149.9,23.92,173.82,12
10747be3,2017-11-09,SP,esporte_lazer,sports_leisure,1,39.0,12.69,51.69,5
d1292690,2017-11-09,GO,esporte_lazer,sports_leisure,1,138.55,12.67,151.22,1
b70fb026,2017-11-09,RJ,casa_construcao,home_construction,1,84.0,15.34,99.34,4
8b736a8b,2017-11-09,MS,utilidades_domesticas,housewares,1,43.0,16.11,59.11,18
a3021cb3,2017-11-09,RS,climatizacao,air_conditioning,1,299.9,29.48,329.38,15
b4c80521,2017-11-09,AM,pcs,computers,1,1340.0,44.74,1384.74,33
5908b5d4,2017-11-09,SP,relogios_presentes,watches_gifts,1,210.9,13.82,224.72,10
2fb5944f,2017-11-09,RJ,moveis_decoracao,furniture_decor,1,199.0,26.43,225.43,23
e199c3b7,2017-11-10,RS,cool_stuff,cool_stuff,1,146.99,21.52,168.51,14
c0ac0672,2017-11-10,PE,perfumaria,perfumery,1,419.0,21.47,440.47,11
c3161a99,2017-11-10,SP,informatica_acessorios,computers_accessories,1,32.99,9.34,42.33,8
10b7f107,2017-11-10,SP,moveis_decoracao,furniture_decor,1,179.0,17.99,196.99,11
d9f01bca,2017-11-10,SP,bebidas,drinks,1,38.49,7.78,46.27,11
8ab912e6,2017-11-10,BA,fashion_bolsas_e_acessorios,fashion_bags_accessories,1,27.9,15.79,43.69,17
71617b4d,2017-11-10,SP,beleza_saude,health_beauty,1,429.0,16.75,445.75,10
02e275a4,2017-11-10,SP,moveis_escritorio,office_furniture,1,196.99,35.54,232.53,17
578b6349,2017-11-11,RJ,cama_mesa_banho,bed_bath_table,1,114.9,18.05,132.95,17
c3336813,2017-11-11,SP,pet_shop,pet_shop,7,210.93,87.86,298.79,15
5ac307bf,2017-11-11,RJ,consoles_games,consoles_games,1,69.9,14.24,84.14,9
44a37224,2017-11-11,BA,ferramentas_jardim,garden_tools,1,119.0,43.2,162.2,13
7cd15a71,2017-11-12,SP,beleza_saude,health_beauty,1,349.0,18.2,367.2,8
713646be,2017-11-12,SP,non_renseignee,not_specified,1,139.0,12.18,151.18,9
cfea2c14,2017-11-12,PE,relogios_presentes,watches_gifts,1,19.9,25.63,45.53,22
ef3b2daa,2017-11-12,SP,utilidades_domesticas,housewares,1,90.0,16.39,106.39,10
5a6816ab,2017-11-12,MG,relogios_presentes,watches_gifts,1,199.0,8.65,207.65,4
6105e65f,2017-11-12,BA,telefonia,telephony,1,27.99,15.79,43.78,12
d9064a51,2017-11-12,SP,bebes,baby,1,50.0,11.73,61.73,5
ee6abc7b,2017-11-13,BA,esporte_lazer,sports_leisure,1,54.99,17.95,72.94,11
98d7e0d1,2017-11-13,BA,relogios_presentes,watches_gifts,1,146.0,17.46,163.46,35
b58dafbc,2017-11-13,SP,beleza_saude,health_beauty,1,58.2,15.16,73.36,8
a77a982c,2017-11-13,PR,papelaria,stationery,1,64.9,16.21,81.11,10
ae8f17cc,2017-11-13,SP,construcao_ferramentas_jardim,costruction_tools_garden,1,33.6,13.37,46.97,8
d2ed2616,2017-11-13,SP,fashion_bolsas_e_acessorios,fashion_bags_accessories,1,28.9,14.1,43.0,7
69f2cc4a,2017-11-14,PI,telefonia,telephony,1,99.99,19.94,119.93,34
5aa53cb6,2017-11-14,SP,moveis_decoracao,furniture_decor,1,89.9,11.83,101.73,3
a7da4c5d,2017-11-14,RJ,papelaria,stationery,1,79.0,17.8,96.8,36
7b34b907,2017-11-14,SP,informatica_acessorios,computers_accessories,1,49.9,9.27,59.17,8
7a460ff3,2017-11-14,SP,casa_conforto,home_confort,1,8.0,7.78,15.78,5
8a978fd6,2017-11-15,SE,relogios_presentes,watches_gifts,1,190.83,35.14,225.97,55
64d7ed1c,2017-11-15,SP,relogios_presentes,watches_gifts,1,179.99,8.51,188.5,6
1370fae9,2017-11-15,BA,automotivo,auto,1,117.3,28.2,145.5,20
d83d59b3,2017-11-15,MG,consoles_games,consoles_games,1,139.99,13.11,153.1,12
5dedf97d,2017-11-15,RJ,tablets_impressao_imagem,tablets_printing_image,1,14.9,15.1,30.0,20
233f0d86,2017-11-15,SP,informatica_acessorios,computers_accessories,1,44.9,15.1,60.0,5
bd5232c9,2017-11-15,SP,relogios_presentes,watches_gifts,1,49.0,7.78,56.78,9
2be14bfb,2017-11-16,SP,moveis_decoracao,furniture_decor,2,150.0,26.16,176.16,19
0c0200c8,2017-11-16,SP,malas_acessorios,luggage_accessories,1,248.99,35.91,284.9,6
b1107351,2017-11-16,SP,moveis_decoracao,furniture_decor,1,73.35,12.85,86.2,11
1fe9c69c,2017-11-16,SC,esporte_lazer,sports_leisure,1,78.9,16.31,95.21,11
5cb25058,2017-11-16,RJ,esporte_lazer,sports_leisure,1,120.0,14.59,134.59,15
80d36d94,2017-11-16,RS,brinquedos,toys,1,299.99,20.0,319.99,13
cb8da41d,2017-11-16,RJ,esporte_lazer,sports_leisure,1,1610.0,32.11,1642.11,12
55b8dc58,2017-11-16,CE,beleza_saude,health_beauty,1,120.0,27.38,147.38,28
a2f9ff7d,2017-11-16,PR,informatica_acessorios,computers_accessories,1,45.0,14.1,59.1,8
54e988b8,2017-11-16,MG,utilidades_domesticas,housewares,1,39.9,17.6,57.5,7
40b1be99,2017-11-16,MT,papelaria,stationery,1,169.9,18.76,188.66,48
19f18d81,2017-11-16,TO,ferramentas_jardim,garden_tools,2,36.0,51.26,87.26,39
9b48e4c5,2017-11-17,RJ,cama_mesa_banho,bed_bath_table,1,119.9,18.09,137.99,17
952dfc4b,2017-11-17,SP,relogios_presentes,watches_gifts,1,489.99,12.24,502.23,13
f1daf5f4,2017-11-17,RJ,cool_stuff,cool_stuff,1,139.9,50.85,190.75,7
7369d714,2017-11-17,BA,relogios_presentes,watches_gifts,1,55.0,16.83,71.83,27
6147e0d5,2017-11-17,GO,cool_stuff,cool_stuff,1,649.9,23.79,673.69,25
0f0343a1,2017-11-17,MT,esporte_lazer,sports_leisure,1,19.9,17.92,37.82,19
e6acc02d,2017-11-17,SP,ferramentas_jardim,garden_tools,1,59.9,35.93,95.83,9
6ca08205,2017-11-17,SC,eletrodomesticos_2,home_appliances_2,1,522.5,20.31,542.81,13
319bc82f,2017-11-18,SP,cama_mesa_banho,bed_bath_table,1,119.9,13.39,133.29,4
93e41e75,2017-11-18,SP,papelaria,stationery,1,34.0,7.78,41.78,5
2e320ab8,2017-11-18,ES,beleza_saude,health_beauty,1,240.0,17.93,257.93,7
02fafd93,2017-11-19,PR,instrumentos_musicais,musical_instruments,1,301.0,17.87,318.87,10
96087ef4,2017-11-19,SP,telefonia,telephony,1,260.0,9.08,269.08,2
0d8da831,2017-11-20,SP,papelaria,stationery,1,129.9,9.72,139.62,4
b92f9e67,2017-11-20,RJ,cool_stuff,cool_stuff,1,649.9,18.14,668.04,2
889f4a91,2017-11-20,MG,brinquedos,toys,1,176.9,17.0,193.9,29
f9a0509d,2017-11-20,SP,esporte_lazer,sports_leisure,1,119.8,18.73,138.53,8
49c5be16,2017-11-20,GO,fashion_bolsas_e_acessorios,fashion_bags_accessories,1,34.9,16.79,51.69,14
2ee5c3b1,2017-11-20,MT,utilidades_domesticas,housewares,1,99.75,23.57,123.32,14
b64c467f,2017-11-20,SP,moveis_decoracao,furniture_decor,2,858.0,184.68,1042.68,19
a7e6fba3,2017-11-20,RJ,brinquedos,toys,1,750.0,32.26,782.26,8
3ea80782,2017-11-21,SP,relogios_presentes,watches_gifts,1,88.0,7.87,95.87,8
6fbbc0d7,2017-11-21,PR,perfumaria,perfumery,1,104.9,23.6,128.5,10
59c134c3,2017-11-21,MG,moveis_decoracao,furniture_decor,1,41.5,14.1,55.6,4
3c87c321,2017-11-21,MG,moveis_sala,furniture_living_room,1,569.9,119.29,689.19,7
38cb813a,2017-11-21,MA,esporte_lazer,sports_leisure,1,32.49,35.67,68.16,28
9f358b9e,2017-11-21,SP,perfumaria,perfumery,1,259.9,14.84,274.74,18
daf48579,2017-11-21,MS,informatica_acessorios,computers_accessories,2,134.0,33.82,167.82,9
7cefff4b,2017-11-22,SP,moveis_decoracao,furniture_decor,1,45.9,15.98,61.88,26
385419e9,2017-11-22,SP,perfumaria,perfumery,1,13.99,7.78,21.77,5
66fd8efd,2017-11-22,MG,utilidades_domesticas,housewares,1,43.0,17.6,60.6,13
c80a0f4c,2017-11-22,SP,informatica_acessorios,computers_accessories,1,75.0,8.72,83.72,7
18c2124c,2017-11-22,RJ,moveis_decoracao,furniture_decor,2,91.8,32.22,124.02,22
b5585a71,2017-11-22,RJ,cama_mesa_banho,bed_bath_table,1,99.0,17.94,116.94,25
cb2acc8f,2017-11-22,RJ,informatica_acessorios,computers_accessories,1,18.9,16.79,35.69,9
81e25306,2017-11-23,SP,moveis_escritorio,office_furniture,2,439.8,58.24,498.04,4
a22e1b3b,2017-11-23,SP,brinquedos,toys,1,299.99,22.59,322.58,52
8fb39237,2017-11-23,MG,instrumentos_musicais,musical_instruments,1,21.9,16.79,38.69,18
b7a77aac,2017-11-23,BA,bebes,baby,1,119.99,53.22,173.21,42
fd1cfd10,2017-11-23,BA,moveis_decoracao,furniture_decor,3,98.97,53.76,152.73,17
f5c4e614,2017-11-23,SP,telefonia_fixa,fixed_telephony,1,10.0,7.78,17.78,1
6aa2d96a,2017-11-23,SP,cama_mesa_banho,bed_bath_table,2,86.0,24.96,110.96,2
67f62d8c,2017-11-23,MG,beleza_saude,health_beauty,3,71.97,45.3,117.27,7
1d2985e5,2017-11-23,GO,casa_conforto,home_confort,1,109.9,15.52,125.42,35
c6aaa7cb,2017-11-24,RJ,informatica_acessorios,computers_accessories,1,27.9,14.1,42.0,17
375f6d48,2017-11-24,RS,ferramentas_jardim,garden_tools,1,49.0,17.67,66.67,11
b14b52f3,2017-11-24,SC,brinquedos,toys,1,49.99,15.1,65.09,7
38eec5bb,2017-11-24,SC,ferramentas_jardim,garden_tools,1,49.0,17.64,66.64,8
6ef39ba9,2017-11-24,SP,relogios_presentes,watches_gifts,1,129.0,12.32,141.32,8
631e1f23,2017-11-24,BA,telefonia,telephony,1,246.62,10.94,257.56,6
8ab4737e,2017-11-24,SP,brinquedos,toys,1,76.99,13.56,90.55,14
798f8724,2017-11-24,SP,informatica_acessorios,computers_accessories,1,12.88,11.85,24.73,7
814a581b,2017-11-24,SP,perfumaria,perfumery,1,56.99,8.72,65.71,3
f92ebc52,2017-11-24,SP,cama_mesa_banho,bed_bath_table,2,159.8,35.62,195.42,53
b7bb679e,2017-11-24,SC,casa_conforto,home_confort,1,49.9,16.11,66.01,46
c8ebc528,2017-11-24,MG,eletroportateis,small_appliances,1,129.9,18.16,148.06,27
5ca576ef,2017-11-24,SP,cama_mesa_banho,bed_bath_table,1,89.9,12.33,102.23,5
ce57e26a,2017-11-24,MG,moveis_decoracao,furniture_decor,1,119.9,18.46,138.36,7
ffde92ba,2017-11-24,SP,utilidades_domesticas,housewares,1,278.0,26.7,304.7,11
f5c7fcc9,2017-11-24,RS,eletroportateis,small_appliances,1,559.0,30.05,589.05,41
7937987f,2017-11-24,RJ,relogios_presentes,watches_gifts,1,899.0,22.05,921.05,18
ca759ab8,2017-11-24,SP,cama_mesa_banho,bed_bath_table,1,159.9,25.96,185.86,84
605eab4c,2017-11-24,SC,cool_stuff,cool_stuff,1,239.99,22.17,262.16,17
77ce4c37,2017-11-24,SP,eletronicos,electronics,1,9.0,11.85,20.85,13
70786de3,2017-11-24,MG,beleza_saude,health_beauty,1,84.99,21.08,106.07,10
4594c689,2017-11-24,SC,utilidades_domesticas,housewares,1,33.6,29.39,62.99,19
fb8d3c9c,2017-11-24,BA,informatica_acessorios,computers_accessories,1,56.0,17.96,73.96,11
35e10001,2017-11-24,PR,esporte_lazer,sports_leisure,1,79.0,17.8,96.8,24
9d3086bc,2017-11-24,GO,automotivo,auto,1,51.9,15.11,67.01,12
c0e1cfdb,2017-11-24,SC,informatica_acessorios,computers_accessories,1,21.49,13.5,34.99,10
65965ba8,2017-11-24,RJ,utilidades_domesticas,housewares,1,209.0,41.85,250.85,6
d1b1a90a,2017-11-24,MA,moveis_decoracao,furniture_decor,1,73.35,35.83,109.18,45
e4e6eaed,2017-11-24,PR,beleza_saude,health_beauty,1,299.0,15.82,314.82,10
17c1ae37,2017-11-24,ES,brinquedos,toys,1,99.99,17.95,117.94,7
a1499020,2017-11-24,SC,informatica_acessorios,computers_accessories,1,288.92,16.77,305.69,27
604e352b,2017-11-24,SP,cama_mesa_banho,bed_bath_table,1,59.99,12.76,72.75,45
1528738c,2017-11-24,SP,cama_mesa_banho,bed_bath_table,1,89.9,16.26,106.16,17
faa3c806,2017-11-24,DF,relogios_presentes,watches_gifts,1,170.0,21.68,191.68,55
719a96d9,2017-11-24,SP,utilidades_domesticas,housewares,1,19.9,9.34,29.24,10
06b19645,2017-11-24,SC,esporte_lazer,sports_leisure,1,23.4,15.1,38.5,25
0068468c,2017-11-24,RJ,eletronicos,electronics,1,469.0,20.85,489.85,19
27819e1a,2017-11-24,SC,ferramentas_jardim,garden_tools,2,98.0,35.34,133.34,44
41e296c9,2017-11-25,SP,eletrodomesticos,home_appliances,1,129.99,20.88,150.87,9
0bb3a41b,2017-11-25,ES,beleza_saude,health_beauty,1,159.9,18.37,178.27,17
67c8fda9,2017-11-25,SP,automotivo,auto,1,16.0,12.69,28.69,18
acf01c92,2017-11-25,MG,instrumentos_musicais,musical_instruments,1,2399.0,17.0,2416.0,12
38f95aff,2017-11-25,RJ,beleza_saude,health_beauty,1,84.99,21.08,106.07,25
1b2cc19f,2017-11-25,SP,brinquedos,toys,1,89.9,11.83,101.73,9
056bfadd,2017-11-25,SP,brinquedos,toys,1,19.9,15.11,35.01,9
2b5454df,2017-11-25,RS,beleza_saude,health_beauty,2,77.8,30.2,108.0,13
4dbb5ab8,2017-11-25,RJ,informatica_acessorios,computers_accessories,1,31.9,15.1,47.0,20
fb6d9f2b,2017-11-25,SP,cama_mesa_banho,bed_bath_table,1,109.9,13.79,123.69,23
83a211eb,2017-11-25,SP,cool_stuff,cool_stuff,1,144.99,12.22,157.21,3
0a8758ec,2017-11-25,DF,ferramentas_jardim,garden_tools,1,49.0,17.67,66.67,14
46577915,2017-11-25,SP,utilidades_domesticas,housewares,1,69.0,11.73,80.73,10
e3c6bf3a,2017-11-25,SP,cama_mesa_banho,bed_bath_table,1,52.64,11.87,64.51,6
54484ffe,2017-11-25,RJ,consoles_games,consoles_games,1,49.99,44.81,94.8,18
89e84cfb,2017-11-25,SP,bebes,baby,1,79.9,16.81,96.71,7
ceb30531,2017-11-26,MG,telefonia,telephony,1,235.9,26.93,262.83,8
17c80e00,2017-11-26,SP,brinquedos,toys,1,99.99,20.19,120.18,8
b9a422ae,2017-11-26,SP,esporte_lazer,sports_leisure,1,59.9,17.67,77.57,21
2b61f605,2017-11-26,RJ,moveis_decoracao,furniture_decor,1,59.9,16.99,76.89,16
8398bfef,2017-11-26,SP,cama_mesa_banho,bed_bath_table,1,232.0,17.25,249.25,15
7f9089a3,2017-11-26,SP,informatica_acessorios,computers_accessories,1,105.0,25.57,130.57,8
79d51aa9,2017-11-26,SP,non_renseignee,not_specified,1,98.9,17.94,116.84,10
81947fd9,2017-11-27,SP,cama_mesa_banho,bed_bath_table,1,89.9,12.33,102.23,5
8c0a3c7a,2017-11-27,RJ,ferramentas_jardim,garden_tools,1,89.99,45.09,135.08,7
8d13e349,2017-11-27,SP,non_renseignee,not_specified,1,29.99,8.27,38.26,3
38567ea5,2017-11-27,RS,utilidades_domesticas,housewares,1,83.3,33.03,116.33,24
0d3a8a92,2017-11-27,SP,telefonia,telephony,1,24.99,7.78,32.77,7
06970f3a,2017-11-27,SP,fashion_bolsas_e_acessorios,fashion_bags_accessories,1,89.0,15.37,104.37,8
010e7dda,2017-11-27,MG,ferramentas_jardim,garden_tools,2,98.0,35.34,133.34,15
f1ebfc22,2017-11-27,ES,eletronicos,electronics,1,13.65,15.1,28.75,11
e26d15f6,2017-11-27,MG,informatica_acessorios,computers_accessories,1,79.99,12.69,92.68,7
ea71f65f,2017-11-27,RJ,moveis_decoracao,furniture_decor,1,37.5,17.6,55.1,10
541e98fb,2017-11-27,RJ,brinquedos,toys,1,120.9,45.69,166.59,13
5d681580,2017-11-28,SP,esporte_lazer,sports_leisure,1,69.9,17.74,87.64,20
f4a613f1,2017-11-28,SP,brinquedos,toys,1,199.99,15.15,215.14,13
3ca9bfb1,2017-11-28,PA,moveis_escritorio,office_furniture,1,196.99,65.5,262.49,20
f07ad60e,2017-11-28,PR,cama_mesa_banho,bed_bath_table,3,449.7,53.1,502.8,13
68507de7,2017-11-28,SP,relogios_presentes,watches_gifts,1,170.0,16.82,186.82,12
4515f507,2017-11-28,SE,moveis_decoracao,furniture_decor,1,75.0,29.94,104.94,16
3d9db74e,2017-11-28,PR,moveis_decoracao,furniture_decor,1,55.2,48.92,104.12,16
3c22fe68,2017-11-28,RJ,moveis_decoracao,furniture_decor,1,113.0,21.28,134.28,49
f4293a05,2017-11-28,DF,utilidades_domesticas,housewares,1,89.9,15.39,105.29,10
d4c1e781,2017-11-28,SP,brinquedos,toys,1,31.9,13.37,45.27,6
c43e62f3,2017-11-28,MA,moveis_decoracao,furniture_decor,1,75.0,29.94,104.94,21
8921107b,2017-11-28,MG,informatica_acessorios,computers_accessories,2,373.96,26.52,400.48,7
d5f84dc7,2017-11-28,SP,perfumaria,perfumery,1,56.99,8.72,65.71,4
61e21e4b,2017-11-29,RJ,esporte_lazer,sports_leisure,1,67.9,15.23,83.13,35
37792549,2017-11-29,SP,cama_mesa_banho,bed_bath_table,1,44.9,11.85,56.75,5
1bbe8ccf,2017-11-29,DF,esporte_lazer,sports_leisure,2,47.6,28.2,75.8,9
cb81db8b,2017-11-29,BA,bebes,baby,1,69.0,23.35,92.35,41
316d34d7,2017-11-29,SP,non_renseignee,not_specified,1,22.49,7.78,30.27,2
0a2a2670,2017-11-29,MG,utilidades_domesticas,housewares,1,32.9,16.79,49.69,6
a5b37738,2017-11-29,SP,consoles_games,consoles_games,1,329.0,14.64,343.64,26
b52ea8d1,2017-11-30,RS,brinquedos,toys,1,70.97,17.75,88.72,34
e08ebbd3,2017-11-30,GO,construcao_ferramentas_construcao,construction_tools_construction,1,449.0,37.66,486.66,11
1d25b465,2017-11-30,SP,relogios_presentes,watches_gifts,1,189.9,8.58,198.48,9
1f2549d7,2017-11-30,RJ,utilidades_domesticas,housewares,1,58.9,21.25,80.15,48
2e143861,2017-11-30,SP,moveis_decoracao,furniture_decor,1,49.97,19.84,69.81,11
06d7e8cd,2017-11-30,SP,utilidades_domesticas,housewares,2,99.8,18.68,118.48,9
9b881df2,2017-11-30,SP,moveis_decoracao,furniture_decor,1,39.9,13.37,53.27,10
0668f439,2017-11-30,RJ,esporte_lazer,sports_leisure,1,149.9,14.8,164.7,20
1853610c,2017-12-01,SC,moveis_decoracao,furniture_decor,1,59.8,15.17,74.97,7
2ab2159c,2017-12-01,MG,cama_mesa_banho,bed_bath_table,1,116.59,18.07,134.66,20
ee4400c5,2017-12-01,SC,relogios_presentes,watches_gifts,1,348.8,16.19,364.99,12
1dc762b2,2017-12-02,RJ,papelaria,stationery,1,199.0,18.64,217.64,32
31cee669,2017-12-02,SP,perfumaria,perfumery,1,249.0,14.76,263.76,9
f2905971,2017-12-02,RS,moveis_decoracao,furniture_decor,1,39.9,16.11,56.01,11
4506d768,2017-12-02,MG,cool_stuff,cool_stuff,1,69.99,15.25,85.24,27
90a35d9f,2017-12-02,DF,ferramentas_jardim,garden_tools,4,49.96,60.4,110.36,17
e162ac83,2017-12-02,BA,livros_tecnicos,books_technical,1,137.94,16.41,154.35,25
286c1f7d,2017-12-02,SP,utilidades_domesticas,housewares,1,39.9,7.78,47.68,8
3745e06e,2017-12-02,SP,relogios_presentes,watches_gifts,1,2700.0,34.66,2734.66,17
5137f8c3,2017-12-02,RJ,telefonia,telephony,1,27.99,14.1,42.09,9
710a17b0,2017-12-02,RJ,beleza_saude,health_beauty,1,79.9,12.51,92.41,4
3a38a4a1,2017-12-02,RJ,cool_stuff,cool_stuff,1,243.89,16.47,260.36,15
e4df16cb,2017-12-03,SP,fashion_bolsas_e_acessorios,fashion_bags_accessories,1,49.0,7.78,56.78,6
930fb714,2017-12-03,MG,moveis_escritorio,office_furniture,1,169.99,36.85,206.84,25
fca018a4,2017-12-03,SP,eletroportateis,small_appliances,1,39.0,13.37,52.37,5
9d812ac7,2017-12-03,SP,relogios_presentes,watches_gifts,1,211.0,12.98,223.98,7
62628ad7,2017-12-03,RS,beleza_saude,health_beauty,1,84.99,16.35,101.34,31
7c9b23ce,2017-12-04,MG,beleza_saude,health_beauty,1,79.0,16.99,95.99,25
a2fdb152,2017-12-04,SP,informatica_acessorios,computers_accessories,1,195.9,14.39,210.29,14
05e18a6c,2017-12-04,RJ,casa_conforto,home_confort,1,199.9,26.24,226.14,31
f7a1e468,2017-12-04,SC,informatica_acessorios,computers_accessories,1,140.0,15.73,155.73,30
646a1b93,2017-12-04,DF,beleza_saude,health_beauty,1,49.39,16.11,65.5,30
bace36fa,2017-12-04,RJ,ferramentas_jardim,garden_tools,1,179.99,45.72,225.71,31
cba33061,2017-12-04,SP,non_renseignee,not_specified,1,48.3,8.27,56.57,6
0651c427,2017-12-04,MG,beleza_saude,health_beauty,1,1375.65,24.38,1400.03,9
b7c91c3a,2017-12-04,PE,beleza_saude,health_beauty,4,43.96,102.52,146.48,18
f40b5910,2017-12-04,RJ,moveis_decoracao,furniture_decor,1,59.89,17.67,77.56,36
4983a642,2017-12-05,RO,telefonia,telephony,1,19.89,21.15,41.04,16
8563ba58,2017-12-05,SC,informatica_acessorios,computers_accessories,1,169.9,16.95,186.85,18
c7545412,2017-12-05,SP,telefonia,telephony,1,27.99,11.85,39.84,7
3456e451,2017-12-05,SP,esporte_lazer,sports_leisure,1,49.99,8.72,58.71,2
713ab5cf,2017-12-06,GO,utilidades_domesticas,housewares,2,77.2,35.84,113.04,17
3d374c9e,2017-12-06,MG,ferramentas_jardim,garden_tools,5,609.5,73.0,682.5,12
3636e49b,2017-12-06,RJ,informatica_acessorios,computers_accessories,1,127.0,14.64,141.64,13
1424f6a8,2017-12-06,SP,papelaria,stationery,1,99.0,13.71,112.71,6
e1ddfd96,2017-12-06,MG,relogios_presentes,watches_gifts,1,49.0,11.85,60.85,11
753276a5,2017-12-06,ES,instrumentos_musicais,musical_instruments,1,49.0,16.11,65.11,15
9183260c,2017-12-06,SP,brinquedos,toys,1,329.9,67.4,397.3,4
bc5f7566,2017-12-06,SP,informatica_acessorios,computers_accessories,1,190.32,13.46,203.78,12
f3a09e33,2017-12-06,PR,non_renseignee,not_specified,1,122.99,15.61,138.6,6
18f4834a,2017-12-07,RJ,moveis_decoracao,furniture_decor,1,299.0,23.96,322.96,22
f55863be,2017-12-07,SC,esporte_lazer,sports_leisure,1,109.9,16.14,126.04,29
f68f706f,2017-12-07,SP,informatica_acessorios,computers_accessories,1,41.9,8.72,50.62,2
579f7684,2017-12-07,SP,fashion_underwear_e_moda_praia,fashion_underwear_beach,1,155.0,12.59,167.59,5
cc57707c,2017-12-08,SP,beleza_saude,health_beauty,1,12.99,15.1,28.09,20
42df280f,2017-12-08,SP,beleza_saude,health_beauty,1,97.65,15.43,113.08,11
a8afd0d6,2017-12-08,DF,utilidades_domesticas,housewares,1,419.0,42.2,461.2,26
4b9f8956,2017-12-08,MG,cama_mesa_banho,bed_bath_table,1,31.9,16.11,48.01,14
ccec60e0,2017-12-08,MG,brinquedos,toys,1,499.99,23.99,523.98,26
5d9e4472,2017-12-08,PR,relogios_presentes,watches_gifts,1,495.0,18.22,513.22,13
3a8b5d6a,2017-12-08,PR,brinquedos,toys,1,70.97,17.75,88.72,20
c3fa9a8b,2017-12-08,SP,esporte_lazer,sports_leisure,1,45.9,7.78,53.68,5
4ed3b575,2017-12-09,MG,cama_mesa_banho,bed_bath_table,1,56.99,16.16,73.15,14
62b0ada6,2017-12-09,SP,automotivo,auto,1,189.99,10.14,200.13,3
6bf6d79b,2017-12-09,SP,automotivo,auto,1,179.49,9.45,188.94,5
b93e6943,2017-12-09,SP,construcao_ferramentas_construcao,construction_tools_construction,1,49.0,15.1,64.1,17
7c02295a,2017-12-10,SP,brinquedos,toys,1,12.5,20.84,33.34,12
d0160c63,2017-12-10,MG,brinquedos,toys,1,110.0,14.52,124.52,8
9f75129c,2017-12-10,SC,esporte_lazer,sports_leisure,1,159.9,18.37,178.27,23
01f7d298,2017-12-11,SP,cama_mesa_banho,bed_bath_table,1,39.9,11.73,51.63,8
23d0ca01,2017-12-11,SP,brinquedos,toys,1,139.9,20.47,160.37,9
a23f7ba4,2017-12-11,PR,esporte_lazer,sports_leisure,1,340.0,27.22,367.22,8
f4ed3372,2017-12-11,RJ,esporte_lazer,sports_leisure,1,219.9,51.41,271.31,29
ede12c5e,2017-12-11,MG,cama_mesa_banho,bed_bath_table,1,79.9,16.32,96.22,23
94eadd6b,2017-12-11,RS,esporte_lazer,sports_leisure,2,98.0,33.84,131.84,45
2d7f894e,2017-12-12,BA,telefonia,telephony,1,27.99,16.79,44.78,27
910076e7,2017-12-12,RJ,consoles_games,consoles_games,1,24.5,15.1,39.6,14
3ca57345,2017-12-12,RJ,beleza_saude,health_beauty,1,88.0,16.87,104.87,10
c566fd27,2017-12-12,RJ,cama_mesa_banho,bed_bath_table,2,110.7,31.38,142.08,14
7d2ec074,2017-12-12,MG,telefonia,telephony,1,34.99,15.1,50.09,8
67a2acb0,2017-12-12,SP,telefonia,telephony,1,189.9,22.13,212.03,23
bd6e0052,2017-12-12,SP,automotivo,auto,1,226.95,18.32,245.27,6
79e2f7d4,2017-12-12,PR,brinquedos,toys,1,69.99,15.25,85.24,8
25eac842,2017-12-12,PR,esporte_lazer,sports_leisure,1,1698.99,84.71,1783.7,22
62c57504,2017-12-12,SC,relogios_presentes,watches_gifts,1,95.0,15.42,110.42,15
b4918094,2017-12-13,SP,perfumaria,perfumery,1,39.9,15.1,55.0,23
6e0a05c8,2017-12-13,PR,cool_stuff,cool_stuff,1,11.99,15.1,27.09,6
3f70fa55,2017-12-13,SP,eletronicos,electronics,1,13.65,11.85,25.5,13
9b7a3e16,2017-12-13,SE,beleza_saude,health_beauty,1,349.9,31.98,381.88,16
a2dd8c16,2017-12-13,SP,utilidades_domesticas,housewares,1,58.9,14.13,73.03,7
d65f5dae,2017-12-13,SP,fashion_roupa_masculina,fashion_male_clothing,1,49.99,11.85,61.84,15
caa88143,2017-12-13,RJ,perfumaria,perfumery,1,169.9,17.63,187.53,22
f5f064b2,2017-12-13,SP,ferramentas_jardim,garden_tools,1,59.0,13.43,72.43,5
bce84813,2017-12-13,SP,brinquedos,toys,1,49.99,9.34,59.33,4
8a3a8c32,2017-12-13,PE,automotivo,auto,1,159.99,18.4,178.39,12
ef2b5fec,2017-12-13,SP,relogios_presentes,watches_gifts,1,299.0,13.59,312.59,12
0350fc2d,2017-12-14,RJ,cool_stuff,cool_stuff,2,58.0,31.58,89.58,36
59e55fcd,2017-12-14,SC,casa_construcao,home_construction,1,386.75,29.03,415.78,14
723ac9c5,2017-12-14,RJ,ferramentas_jardim,garden_tools,1,59.0,17.66,76.66,21
185f9c92,2017-12-14,MG,beleza_saude,health_beauty,1,159.9,18.37,178.27,24
0176e50f,2017-12-14,RS,cama_mesa_banho,bed_bath_table,1,59.9,15.17,75.07,14
641fb075,2017-12-15,RJ,relogios_presentes,watches_gifts,1,369.0,17.33,386.33,19
1ddb26b7,2017-12-15,PE,moveis_decoracao,furniture_decor,1,55.0,26.93,81.93,22
2d0805e3,2017-12-15,RJ,eletronicos,electronics,1,13.65,15.1,28.75,38
4619fa93,2017-12-15,SP,automotivo,auto,1,99.0,9.51,108.51,3
dc12f9e8,2017-12-15,MG,cool_stuff,cool_stuff,2,50.0,35.84,85.84,12
97e11582,2017-12-15,MA,instrumentos_musicais,musical_instruments,1,169.9,26.22,196.12,27
ca7af64c,2017-12-16,RJ,moveis_decoracao,furniture_decor,1,59.99,17.67,77.66,9
dcfa6421,2017-12-17,SP,esporte_lazer,sports_leisure,1,132.0,15.67,147.67,11
49402cf6,2017-12-17,SP,relogios_presentes,watches_gifts,1,348.8,9.7,358.5,4
b7e339d3,2017-12-17,SP,ferramentas_jardim,garden_tools,1,129.99,17.62,147.61,16
e9c4c61f,2017-12-17,GO,ferramentas_jardim,garden_tools,1,89.99,50.5,140.49,24
44ffd19b,2017-12-17,SP,beleza_saude,health_beauty,1,29.9,8.11,38.01,3
c9aea907,2017-12-17,MG,utilidades_domesticas,housewares,1,55.0,20.88,75.88,17
d84ff915,2017-12-18,PA,moveis_decoracao,furniture_decor,1,129.0,30.43,159.43,39
ddd05ce5,2017-12-18,PR,beleza_saude,health_beauty,1,29.9,12.48,42.38,4
ebddf892,2017-12-18,ES,brinquedos,toys,1,69.9,15.25,85.15,18
45dfd15f,2017-12-18,RJ,papelaria,stationery,1,125.0,18.12,143.12,11
b49738aa,2017-12-18,RJ,relogios_presentes,watches_gifts,1,119.0,21.32,140.32,16
250dcd1c,2017-12-19,SP,beleza_saude,health_beauty,1,150.0,12.55,162.55,7
d474ba46,2017-12-19,SC,cool_stuff,cool_stuff,1,166.99,20.66,187.65,13
bb3b63f8,2017-12-19,SP,esporte_lazer,sports_leisure,1,135.9,17.2,153.1,8
f50f1299,2017-12-19,SP,automotivo,auto,1,19.9,8.72,28.62,6
24e66924,2017-12-20,SE,eletronicos,electronics,2,43.8,42.3,86.1,15
340faabd,2017-12-20,SP,relogios_presentes,watches_gifts,1,59.99,14.17,74.16,15
0220b52f,2017-12-20,PR,telefonia,telephony,1,24.99,15.1,40.09,8
50d8c54f,2017-12-20,PA,ferramentas_jardim,garden_tools,1,179.99,81.43,261.42,29
99bcccca,2017-12-20,SP,malas_acessorios,luggage_accessories,1,55.9,15.15,71.05,15
e980e6b7,2017-12-20,SP,beleza_saude,health_beauty,1,29.9,8.11,38.01,2
2fc93d13,2017-12-20,MG,esporte_lazer,sports_leisure,1,120.0,16.6,136.6,16
4fb33c4b,2017-12-20,RJ,esporte_lazer,sports_leisure,1,39.9,14.1,54.0,8
e5aef80d,2017-12-20,SP,esporte_lazer,sports_leisure,1,54.9,14.13,69.03,6
1be481b1,2017-12-20,SP,eletronicos,electronics,1,9.9,7.78,17.68,5
41e3ce04,2017-12-20,SP,telefonia,telephony,1,29.99,7.78,37.77,7
47733b09,2017-12-20,SP,automotivo,auto,1,19.0,11.85,30.85,6
c95839b7,2017-12-20,SP,eletronicos,electronics,1,29.0,8.72,37.72,7
8f0c341c,2017-12-21,RJ,informatica_acessorios,computers_accessories,1,59.0,14.16,73.16,13
5f88deb3,2017-12-21,DF,perfumaria,perfumery,1,56.99,14.15,71.14,13
7a1ba2b6,2017-12-21,SP,moveis_cozinha_area_de_servico_jantar_e_jardim,kitchen_dining_laundry_garden_furniture,1,44.88,19.23,64.11,7
09e21d9c,2017-12-22,MG,informatica_acessorios,computers_accessories,1,149.99,23.85,173.84,21
82516b1b,2017-12-22,SP,ferramentas_jardim,garden_tools,1,44.5,8.72,53.22,12
c5286c3a,2017-12-22,SP,fashion_bolsas_e_acessorios,fashion_bags_accessories,1,49.9,7.78,57.68,4
2490addf,2017-12-22,SP,cama_mesa_banho,bed_bath_table,1,51.0,11.86,62.86,16
68e8ce77,2017-12-23,CE,malas_acessorios,luggage_accessories,1,248.99,105.76,354.75,17
a2773e1b,2017-12-23,MG,beleza_saude,health_beauty,1,78.99,15.3,94.29,13
717650ea,2017-12-23,AM,beleza_saude,health_beauty,1,179.99,23.58,203.57,39
ea7138cc,2017-12-24,PR,cama_mesa_banho,bed_bath_table,1,75.5,16.78,92.28,5
759f94e9,2017-12-24,SP,beleza_saude,health_beauty,1,84.99,9.41,94.4,14
4918be3d,2017-12-24,CE,beleza_saude,health_beauty,1,84.99,19.13,104.12,14
7367af92,2017-12-25,CE,cama_mesa_banho,bed_bath_table,1,53.2,28.77,81.97,16
f2e5bcbd,2017-12-25,MT,brinquedos,toys,1,348.9,118.06,466.96,20
7064a078,2017-12-25,SP,eletronicos,electronics,1,11.55,7.78,19.33,2
1e7dc341,2017-12-26,SP,cama_mesa_banho,bed_bath_table,1,86.9,16.24,103.14,13
a9d5a5f1,2017-12-27,PA,utilidades_domesticas,housewares,1,1326.0,150.8,1476.8,13
ffd7d637,2017-12-27,DF,cama_mesa_banho,bed_bath_table,1,56.99,16.16,73.15,13
0f988c66,2017-12-27,MG,cama_mesa_banho,bed_bath_table,1,32.2,12.69,44.89,7
2c43da70,2017-12-27,RJ,cama_mesa_banho,bed_bath_table,2,245.8,20.0,265.8,23
86cd4fa4,2017-12-27,SP,ferramentas_jardim,garden_tools,1,49.9,13.37,63.27,14
3ae926d6,2017-12-27,GO,cama_mesa_banho,bed_bath_table,2,439.8,52.76,492.56,12
c12dd32b,2017-12-28,MG,esporte_lazer,sports_leisure,1,49.9,15.1,65.0,20
a0d5633f,2017-12-28,RJ,cama_mesa_banho,bed_bath_table,1,207.0,18.7,225.7,19
5afde427,2017-12-28,MG,malas_acessorios,luggage_accessories,1,54.9,9.09,63.99,11
debc12ca,2017-12-28,MG,beleza_saude,health_beauty,1,58.99,17.66,76.65,11
b30e55fe,2017-12-29,SP,esporte_lazer,sports_leisure,1,99.0,13.81,112.81,6
89b2fb85,2017-12-29,RS,ferramentas_jardim,garden_tools,1,49.9,18.0,67.9,18
18bab956,2017-12-30,SP,consoles_games,consoles_games,1,24.5,11.85,36.35,7
3bd9d48e,2017-12-30,GO,cool_stuff,cool_stuff,1,99.0,15.44,114.44,10
6c596fc6,2017-12-30,MG,informatica_acessorios,computers_accessories,1,129.0,15.65,144.65,22
e37c6e0e,2017-12-30,SP,beleza_saude,health_beauty,1,198.99,13.73,212.72,20
9e0599de,2017-12-31,SP,beleza_saude,health_beauty,2,199.8,32.92,232.72,20
432741a2,2017-12-31,BA,moveis_decoracao,furniture_decor,1,90.0,18.2,108.2,12
f80ad99e,2017-12-31,SP,malas_acessorios,luggage_accessories,1,19.99,9.34,29.33,11
fb216ce0,2018-01-01,RJ,eletronicos,electronics,2,99.98,28.2,128.18,7
af2ded00,2018-01-01,MG,telefonia,telephony,1,79.9,15.31,95.21,13
62fe29a5,2018-01-01,MG,telefonia,telephony,1,27.99,14.1,42.09,7
64618afe,2018-01-02,RJ,climatizacao,air_conditioning,1,199.0,16.15,215.15,17
e6dbbd3e,2018-01-02,MG,fashion_bolsas_e_acessorios,fashion_bags_accessories,1,29.9,17.97,47.87,11
8a0ab628,2018-01-02,SP,cama_mesa_banho,bed_bath_table,2,124.8,21.48,146.28,7
ace40b7f,2018-01-03,MG,telefonia,telephony,1,34.99,14.1,49.09,7
92f77906,2018-01-03,SP,relogios_presentes,watches_gifts,1,108.0,16.52,124.52,20
74e284ce,2018-01-03,TO,papelaria,stationery,1,29.9,26.89,56.79,29
d9107994,2018-01-03,RJ,consoles_games,consoles_games,1,399.0,18.55,417.55,42
6fd8d29c,2018-01-03,RJ,moveis_escritorio,office_furniture,1,289.9,66.84,356.74,12
6f79ab44,2018-01-03,RJ,non_renseignee,not_specified,1,12.89,15.1,27.99,6
527a4abb,2018-01-03,SP,eletronicos,electronics,1,38.99,11.85,50.84,19
55d9bfb1,2018-01-04,SP,brinquedos,toys,1,55.0,12.73,67.73,5
28f82885,2018-01-04,PR,ferramentas_jardim,garden_tools,1,139.0,50.84,189.84,12
ff08fd76,2018-01-04,SP,cama_mesa_banho,bed_bath_table,1,137.8,25.8,163.6,18
7e90e3ed,2018-01-04,SP,bebes,baby,1,13.9,7.78,21.68,7
6fa8043b,2018-01-04,MG,eletrodomesticos,home_appliances,1,69.9,17.74,87.64,8
1d8f2caf,2018-01-04,MG,bebes,baby,1,174.9,31.97,206.87,13
027d2a0c,2018-01-04,SP,papelaria,stationery,1,129.0,13.92,142.92,11
067410a7,2018-01-04,SP,esporte_lazer,sports_leisure,1,35.49,11.85,47.34,8
235120db,2018-01-05,MT,cama_mesa_banho,bed_bath_table,1,81.5,19.81,101.31,20
06cc0932,2018-01-05,PR,moveis_escritorio,office_furniture,1,61.5,13.58,75.08,7
56086e96,2018-01-05,MG,pet_shop,pet_shop,1,599.0,30.51,629.51,14
45740a30,2018-01-05,SP,moveis_decoracao,furniture_decor,1,69.9,16.12,86.02,10
cde7e445,2018-01-05,SP,cama_mesa_banho,bed_bath_table,1,49.95,11.85,61.8,7
cc2d9c18,2018-01-05,MG,telefonia,telephony,2,41.8,30.2,72.0,10
f65ca268,2018-01-06,SP,moveis_decoracao,furniture_decor,1,78.98,17.29,96.27,39
f34349c1,2018-01-06,PA,agro_industria_e_comercio,agro_industry_and_commerce,1,410.0,55.23,465.23,17
c6633f15,2018-01-06,SP,eletronicos,electronics,1,11.55,7.78,19.33,4
cd583153,2018-01-06,PR,brinquedos,toys,1,49.9,14.1,64.0,9
a272afa0,2018-01-06,SP,beleza_saude,health_beauty,5,121.5,88.0,209.5,15
b79fa332,2018-01-07,SP,moveis_decoracao,furniture_decor,1,99.9,11.9,111.8,4
821b1d19,2018-01-07,RJ,utilidades_domesticas,housewares,1,295.0,26.91,321.91,23
a3f9e137,2018-01-07,ES,informatica_acessorios,computers_accessories,1,105.0,26.87,131.87,14
ad616200,2018-01-07,RJ,cama_mesa_banho,bed_bath_table,2,220.0,29.04,249.04,9
97790d57,2018-01-07,RJ,fashion_bolsas_e_acessorios,fashion_bags_accessories,1,44.0,14.1,58.1,10
6b5c527f,2018-01-07,SP,telefonia,telephony,1,20.0,8.72,28.72,1
571ceb25,2018-01-08,PR,telefonia,telephony,1,27.99,15.1,43.09,8
ddb4aab3,2018-01-08,SP,moveis_decoracao,furniture_decor,1,69.9,13.08,82.98,3
92c5e555,2018-01-08,SP,cama_mesa_banho,bed_bath_table,1,39.99,11.85,51.84,10
7401e952,2018-01-08,MG,informatica_acessorios,computers_accessories,2,121.98,32.38,154.36,9
0e660176,2018-01-08,PR,moveis_decoracao,furniture_decor,1,69.9,20.98,90.88,8
c9f8b15e,2018-01-08,SC,cama_mesa_banho,bed_bath_table,1,89.9,17.88,107.78,10
e2cd7403,2018-01-08,GO,cool_stuff,cool_stuff,1,144.99,18.26,163.25,8
1b3502b9,2018-01-08,SE,esporte_lazer,sports_leisure,1,116.9,23.14,140.04,16
e0ca48c3,2018-01-09,MA,papelaria,stationery,1,99.9,33.59,133.49,13
1f6ef8d8,2018-01-09,RJ,relogios_presentes,watches_gifts,1,108.0,9.77,117.77,3
1354de89,2018-01-09,RJ,informatica_acessorios,computers_accessories,1,179.99,40.59,220.58,48
35901530,2018-01-09,SP,cool_stuff,cool_stuff,1,29.5,13.08,42.58,6
50909873,2018-01-09,MG,cool_stuff,cool_stuff,1,65.0,15.2,80.2,7
f72326e0,2018-01-09,SP,cama_mesa_banho,bed_bath_table,1,77.07,13.56,90.63,7
8836b763,2018-01-09,SP,cool_stuff,cool_stuff,1,29.5,13.08,42.58,8
7af8968d,2018-01-10,SP,beleza_saude,health_beauty,1,9.8,14.1,23.9,5
203ac312,2018-01-10,SP,esporte_lazer,sports_leisure,1,107.0,12.25,119.25,6
4ddf8109,2018-01-10,PR,cama_mesa_banho,bed_bath_table,1,149.9,18.3,168.2,9
8455db91,2018-01-10,BA,ferramentas_jardim,garden_tools,1,23.21,16.79,40.0,27
8e031bfa,2018-01-10,SP,esporte_lazer,sports_leisure,2,139.8,32.24,172.04,8
0b3dc290,2018-01-10,SP,relogios_presentes,watches_gifts,1,129.0,16.53,145.53,12
0fd2cbcb,2018-01-10,SP,moveis_decoracao,furniture_decor,1,69.9,13.08,82.98,14
46ab5f4b,2018-01-10,MA,moveis_decoracao,furniture_decor,1,250.0,35.0,285.0,21
9b70b474,2018-01-11,SP,consoles_games,consoles_games,1,20.0,16.11,36.11,12
4a16403a,2018-01-11,SP,moveis_decoracao,furniture_decor,1,10.9,11.85,22.75,19
b940725e,2018-01-11,ES,papelaria,stationery,1,89.0,17.87,106.87,20
301e525f,2018-01-11,MG,moveis_decoracao,furniture_decor,2,139.8,41.96,181.76,14
61e3bd0d,2018-01-11,SP,informatica_acessorios,computers_accessories,1,84.9,12.72,97.62,18
0e4fb9a4,2018-01-11,MG,esporte_lazer,sports_leisure,1,194.99,27.68,222.67,6
938324ab,2018-01-11,MG,telefonia,telephony,1,24.99,11.85,36.84,12
52e305a5,2018-01-11,SP,automotivo,auto,1,19.9,15.1,35.0,13
0dac27d4,2018-01-11,RJ,artes,art,1,139.99,21.47,161.46,20
1d855e8c,2018-01-12,SP,beleza_saude,health_beauty,1,325.0,10.47,335.47,2
e531e9e8,2018-01-12,AL,telefonia,telephony,2,41.98,68.3,110.28,18
2f90cbba,2018-01-12,SP,informatica_acessorios,computers_accessories,2,128.9,32.59,161.49,6
4f709a23,2018-01-12,SP,perfumaria,perfumery,1,349.9,18.21,368.11,20
691ce30a,2018-01-12,RJ,relogios_presentes,watches_gifts,1,145.0,14.76,159.76,19
073fa4be,2018-01-12,SP,moveis_decoracao,furniture_decor,1,250.0,35.02,285.02,11
50920d4f,2018-01-12,SP,industria_comercio_e_negocios,industry_commerce_and_business,4,179.6,60.44,240.04,5
8b4fc455,2018-01-12,RJ,brinquedos,toys,1,259.9,18.26,278.16,57
210a5f61,2018-01-12,RS,ferramentas_jardim,garden_tools,1,49.9,17.6,67.5,21
25a42a25,2018-01-12,SP,esporte_lazer,sports_leisure,1,38.0,12.69,50.69,4
faace596,2018-01-12,SC,relogios_presentes,watches_gifts,1,78.0,15.3,93.3,17
7cf158d0,2018-01-13,PA,non_renseignee,not_specified,1,157.77,18.38,176.15,25
49afe75c,2018-01-13,SP,non_renseignee,not_specified,1,21.1,9.34,30.44,5
b956b417,2018-01-13,SP,utilidades_domesticas,housewares,1,686.21,24.77,710.98,23
4b8554ee,2018-01-13,MG,informatica_acessorios,computers_accessories,1,159.0,23.91,182.91,9
5880c002,2018-01-13,ES,eletronicos,electronics,1,135.9,32.28,168.18,7
6caac717,2018-01-13,SP,cama_mesa_banho,bed_bath_table,1,43.0,13.37,56.37,9
4bd03dd6,2018-01-13,RS,esporte_lazer,sports_leisure,1,194.99,27.68,222.67,11
6f6ac7ec,2018-01-13,RJ,moveis_escritorio,office_furniture,2,276.93,68.93,345.86,16
c9410f5c,2018-01-14,MG,ferramentas_jardim,garden_tools,1,99.9,18.94,118.84,8
c6f6d0d2,2018-01-14,SP,bebidas,drinks,1,38.9,17.6,56.5,8
5840068b,2018-01-14,SP,bebes,baby,1,134.17,27.38,161.55,12
6ef7236f,2018-01-15,SP,relogios_presentes,watches_gifts,1,816.9,17.22,834.12,11
ee44ba98,2018-01-15,SP,fashion_roupa_feminina,fashio_female_clothing,1,65.9,12.8,78.7,11
e212133c,2018-01-15,PE,instrumentos_musicais,musical_instruments,1,79.9,28.96,108.86,9
3cb62f32,2018-01-15,SP,beleza_saude,health_beauty,1,59.7,11.92,71.62,7
c00ec2c5,2018-01-15,SP,telefonia,telephony,1,688.0,16.32,704.32,7
8a54c946,2018-01-15,SP,esporte_lazer,sports_leisure,1,135.0,13.97,148.97,3
da118e57,2018-01-15,SC,brinquedos,toys,1,99.9,15.46,115.36,10
1462351d,2018-01-15,RJ,construcao_ferramentas_ferramentas,costruction_tools_tools,1,189.9,18.58,208.48,7
114fade4,2018-01-15,RJ,utilidades_domesticas,housewares,1,140.0,14.73,154.73,17
0a10c45a,2018-01-15,SP,cama_mesa_banho,bed_bath_table,1,89.9,12.33,102.23,7
f512eafa,2018-01-16,SP,eletrodomesticos,home_appliances,1,50.4,11.85,62.25,21
7e257955,2018-01-16,AL,brinquedos,toys,1,259.9,26.85,286.75,34
b36ad360,2018-01-16,RN,construcao_ferramentas_construcao,construction_tools_construction,1,569.0,46.01,615.01,30
ca0869c7,2018-01-16,PR,fashion_bolsas_e_acessorios,fashion_bags_accessories,1,29.99,15.1,45.09,10
b552f662,2018-01-16,SP,telefonia_fixa,fixed_telephony,1,419.99,15.96,435.95,7
8403fda2,2018-01-16,SP,moveis_decoracao,furniture_decor,3,115.2,28.02,143.22,4
edcde7ce,2018-01-17,PA,cama_mesa_banho,bed_bath_table,1,34.9,44.2,79.1,35
6fac3b09,2018-01-17,RS,bebes,baby,1,73.5,17.76,91.26,14
6e0773d1,2018-01-17,DF,papelaria,stationery,1,169.9,15.95,185.85,10
32986520,2018-01-17,RO,telefonia,telephony,1,12.98,34.15,47.13,21
7b539e31,2018-01-17,MG,non_renseignee,not_specified,1,55.3,15.14,70.44,14
3dc3b3d8,2018-01-17,SC,beleza_saude,health_beauty,1,109.9,21.26,131.16,21
b1e83bde,2018-01-17,SP,bebes,baby,1,149.9,9.79,159.69,6
e9e9b31e,2018-01-17,SP,beleza_saude,health_beauty,1,14.99,7.78,22.77,13
c22857ca,2018-01-17,SC,telefonia,telephony,1,29.99,15.1,45.09,43
f0b2da40,2018-01-17,SC,brinquedos,toys,1,179.9,21.75,201.65,18
eadacd49,2018-01-17,BA,moveis_decoracao,furniture_decor,1,59.99,16.86,76.85,19
440fd902,2018-01-18,SP,moveis_colchao_e_estofado,furniture_mattress_and_upholstery,1,249.0,17.18,266.18,11
ee5739d5,2018-01-18,RJ,esporte_lazer,sports_leisure,1,219.9,42.61,262.51,14
e03f2a11,2018-01-18,SP,telefonia,telephony,1,49.99,7.78,57.77,11
7845a249,2018-01-18,PR,moveis_decoracao,furniture_decor,1,29.99,14.1,44.09,5
5a6bd255,2018-01-18,MT,telefonia,telephony,1,12.9,16.79,29.69,20
2ec431d5,2018-01-18,MG,cool_stuff,cool_stuff,1,22.9,15.1,38.0,11
d32d839e,2018-01-18,ES,relogios_presentes,watches_gifts,1,334.9,17.09,351.99,13
00ace652,2018-01-19,MG,moveis_escritorio,office_furniture,1,116.6,30.66,147.26,31
1a94ab8f,2018-01-19,SP,moveis_escritorio,office_furniture,2,385.98,69.24,455.22,34
be560e55,2018-01-19,BA,papelaria,stationery,1,49.9,16.79,66.69,11
76814cec,2018-01-19,PR,informatica_acessorios,computers_accessories,1,94.56,12.79,107.35,10
d2883077,2018-01-19,SP,telefonia,telephony,2,64.89,15.56,80.45,7
b4cc1502,2018-01-19,DF,non_renseignee,not_specified,1,56.99,16.16,73.15,11
1c03ba88,2018-01-20,PR,telefonia,telephony,1,12.9,14.1,27.0,20
f8b1f5bc,2018-01-20,PI,informatica_acessorios,computers_accessories,1,67.0,25.5,92.5,17
0a03f10c,2018-01-20,SP,automotivo,auto,1,16.9,11.85,28.75,6
f05cbc7f,2018-01-20,SP,ferramentas_jardim,garden_tools,1,49.9,13.37,63.27,9
4ecf494b,2018-01-20,RS,bebes,baby,1,219.0,53.54,272.54,48
d18a9528,2018-01-20,MG,relogios_presentes,watches_gifts,2,58.0,28.2,86.2,4
bbd7d353,2018-01-20,PR,relogios_presentes,watches_gifts,1,108.0,16.52,124.52,15
dea1d0da,2018-01-21,SP,bebes,baby,1,120.0,16.47,136.47,11
3a217ae7,2018-01-21,MG,moveis_colchao_e_estofado,furniture_mattress_and_upholstery,1,75.0,62.35,137.35,9
b012c169,2018-01-21,SP,moveis_sala,furniture_living_room,1,139.9,23.78,163.68,13
6e3aaafc,2018-01-21,SP,cool_stuff,cool_stuff,1,29.5,15.98,45.48,9
98603363,2018-01-21,RJ,informatica_acessorios,computers_accessories,1,149.0,40.37,189.37,8
3ae8930e,2018-01-21,SP,informatica_acessorios,computers_accessories,1,69.9,16.93,86.83,10
39ed3e03,2018-01-22,RS,papelaria,stationery,1,169.0,16.94,185.94,9
06816023,2018-01-22,SP,ferramentas_jardim,garden_tools,1,49.9,13.37,63.27,9
9783e4b2,2018-01-22,SP,moveis_decoracao,furniture_decor,1,69.9,26.11,96.01,8
e56cf418,2018-01-22,PI,informatica_acessorios,computers_accessories,1,69.0,38.03,107.03,25
00b4846d,2018-01-22,RJ,cama_mesa_banho,bed_bath_table,1,31.9,16.11,48.01,8
29692492,2018-01-22,SP,cama_mesa_banho,bed_bath_table,1,109.9,13.79,123.69,11
8dc7f5f2,2018-01-22,PR,informatica_acessorios,computers_accessories,1,89.5,12.76,102.26,3
deaa78be,2018-01-22,PI,consoles_games,consoles_games,1,24.9,21.15,46.05,23
5476692f,2018-01-22,SP,cool_stuff,cool_stuff,1,59.9,9.94,69.84,4
372ffaa1,2018-01-22,SP,cool_stuff,cool_stuff,1,29.5,15.98,45.48,8
94dccbc3,2018-01-22,RJ,telefonia_fixa,fixed_telephony,1,15.3,16.79,32.09,10
424c6d67,2018-01-22,GO,brinquedos,toys,1,59.99,16.18,76.17,14
6b11ad95,2018-01-22,SP,papelaria,stationery,1,9.99,7.78,17.77,1
6c3b4820,2018-01-22,SP,cama_mesa_banho,bed_bath_table,1,24.9,9.09,33.99,3
bc0e690e,2018-01-22,RJ,esporte_lazer,sports_leisure,1,159.0,20.6,179.6,51
75eb4961,2018-01-22,DF,esporte_lazer,sports_leisure,1,29.9,14.1,44.0,22
fd090af4,2018-01-23,MG,beleza_saude,health_beauty,1,117.5,8.57,126.07,2
9d77978d,2018-01-23,SP,cama_mesa_banho,bed_bath_table,1,75.5,11.73,87.23,2
13ab17b3,2018-01-23,SP,eletronicos,electronics,1,11.55,7.78,19.33,5
91fb2279,2018-01-23,RN,papelaria,stationery,1,89.0,38.17,127.17,14
6836f681,2018-01-23,GO,cama_mesa_banho,bed_bath_table,1,59.9,19.91,79.81,14
3db0dfe8,2018-01-24,AM,informatica_acessorios,computers_accessories,1,28.9,25.38,54.28,40
8ed7cc81,2018-01-24,SP,papelaria,stationery,1,79.0,24.86,103.86,9
811b70e4,2018-01-24,RJ,relogios_presentes,watches_gifts,1,98.9,19.93,118.83,48
cae4fbb2,2018-01-24,MS,fashion_bolsas_e_acessorios,fashion_bags_accessories,1,34.3,15.1,49.4,27
e2b2fecc,2018-01-24,SC,alimentos,food,1,56.97,16.16,73.13,33
38dbc93c,2018-01-24,SP,automotivo,auto,1,119.99,9.65,129.64,3
d2fd6afc,2018-01-24,PR,fashion_bolsas_e_acessorios,fashion_bags_accessories,1,49.0,15.1,64.1,15
227ccb58,2018-01-24,SP,cama_mesa_banho,bed_bath_table,1,74.9,13.54,88.44,7
70a8d39e,2018-01-24,DF,fashion_bolsas_e_acessorios,fashion_bags_accessories,1,43.8,14.1,57.9,28
c496b1dd,2018-01-25,DF,beleza_saude,health_beauty,1,84.99,15.35,100.34,21
5d77e1d8,2018-01-25,SP,cama_mesa_banho,bed_bath_table,1,56.99,12.74,69.73,8
b5da5369,2018-01-25,MG,relogios_presentes,watches_gifts,1,108.0,16.52,124.52,13
74b4e28e,2018-01-26,BA,informatica_acessorios,computers_accessories,2,129.8,30.6,160.4,11
a5628983,2018-01-26,SP,eletronicos,electronics,1,11.55,7.78,19.33,6
9823427f,2018-01-26,SC,informatica_acessorios,computers_accessories,1,149.0,45.12,194.12,20
77476db2,2018-01-26,RS,automotivo,auto,1,114.9,21.64,136.54,11
d347a4dd,2018-01-26,RJ,eletronicos,electronics,1,19.9,16.79,36.69,13
aea17603,2018-01-26,RS,papelaria,stationery,1,49.9,14.1,64.0,19
473db6bd,2018-01-26,SP,papelaria,stationery,1,634.4,15.94,650.34,19
7a72c1fd,2018-01-27,PE,automotivo,auto,1,295.0,24.94,319.94,23
29a78ee4,2018-01-27,RJ,brinquedos,toys,1,38.25,17.92,56.17,24
fcc81731,2018-01-27,SP,eletroportateis,small_appliances,1,68.0,13.5,81.5,5
122d7720,2018-01-27,SP,esporte_lazer,sports_leisure,1,69.0,11.73,80.73,3
e615a2b8,2018-01-27,RJ,papelaria,stationery,1,249.0,16.49,265.49,30
dc072bc7,2018-01-27,SC,esporte_lazer,sports_leisure,1,29.0,12.6,41.6,11
ea7221ed,2018-01-28,RJ,informatica_acessorios,computers_accessories,1,89.49,15.38,104.87,16
2e0e6550,2018-01-28,AL,telefonia,telephony,1,21.99,21.15,43.14,33
ad495862,2018-01-28,PA,telefonia,telephony,1,29.99,17.63,47.62,29
8e0b0837,2018-01-29,MG,fashion_underwear_e_moda_praia,fashion_underwear_beach,1,59.9,15.17,75.07,9
dfd3adb2,2018-01-29,RS,bebidas,drinks,1,47.49,16.11,63.6,21
bee3bdf9,2018-01-29,SP,esporte_lazer,sports_leisure,2,211.0,26.0,237.0,9
77f479e3,2018-01-30,RS,eletronicos,electronics,1,13.65,15.1,28.75,23
9dcef670,2018-01-30,SP,cama_mesa_banho,bed_bath_table,2,330.0,50.92,380.92,8
e3814831,2018-01-30,SP,informatica_acessorios,computers_accessories,2,360.0,25.52,385.52,7
2d834ec4,2018-01-30,SC,relogios_presentes,watches_gifts,1,179.9,16.01,195.91,17
db5be41f,2018-01-30,PA,automotivo,auto,1,13.9,25.63,39.53,36
35e3f3ca,2018-01-30,SP,moveis_decoracao,furniture_decor,1,10.99,11.85,22.84,44
06f8ee6a,2018-01-31,RJ,cama_mesa_banho,bed_bath_table,1,121.97,17.1,139.07,6
7a94606a,2018-01-31,SP,eletronicos,electronics,1,19.9,12.48,32.38,9
1b8cfe91,2018-01-31,SP,cool_stuff,cool_stuff,1,229.99,14.16,244.15,2
4059a20e,2018-01-31,ES,telefonia,telephony,1,29.99,14.1,44.09,8
f01040f1,2018-01-31,RS,informatica_acessorios,computers_accessories,1,46.86,20.84,67.7,16
6ac111f1,2018-01-31,SC,esporte_lazer,sports_leisure,2,93.8,30.2,124.0,15
4478be65,2018-01-31,SP,telefonia,telephony,1,18.99,7.78,26.77,5
aef5267a,2018-01-31,SP,informatica_acessorios,computers_accessories,1,87.8,15.36,103.16,15
af3f498f,2018-01-31,SP,esporte_lazer,sports_leisure,1,49.99,9.34,59.33,7
6b19e991,2018-01-31,RJ,cama_mesa_banho,bed_bath_table,1,19.9,15.1,35.0,14
62d6b75c,2018-01-31,SP,papelaria,stationery,1,49.0,13.37,62.37,6
19b55ae8,2018-01-31,ES,informatica_acessorios,computers_accessories,1,40.0,16.79,56.79,15
bcdabfbc,2018-01-31,SP,esporte_lazer,sports_leisure,1,29.5,16.11,45.61,26
324e2258,2018-01-31,SC,relogios_presentes,watches_gifts,1,45.0,15.1,60.1,28
246b81e4,2018-01-31,PB,informatica_acessorios,computers_accessories,1,41.9,21.15,63.05,19
36c0722e,2018-02-01,DF,esporte_lazer,sports_leisure,1,125.0,18.12,143.12,19
9dc960f7,2018-02-01,SP,agro_industria_e_comercio,agro_industry_and_commerce,1,35.0,9.34,44.34,8
0110688c,2018-02-01,RJ,moveis_cozinha_area_de_servico_jantar_e_jardim,kitchen_dining_laundry_garden_furniture,1,379.0,79.94,458.94,26
a9fd4711,2018-02-01,SP,perfumaria,perfumery,1,99.9,12.2,112.1,13
91d3db53,2018-02-01,SP,instrumentos_musicais,musical_instruments,1,16.9,8.72,25.62,5
460e7c2c,2018-02-01,RS,cool_stuff,cool_stuff,1,72.99,16.76,89.75,22
30b74a76,2018-02-01,SP,cama_mesa_banho,bed_bath_table,1,24.9,9.09,33.99,4
693483bb,2018-02-01,RJ,beleza_saude,health_beauty,1,349.9,20.69,370.59,22
1826d3b6,2018-02-01,SP,relogios_presentes,watches_gifts,2,110.0,15.56,125.56,3
3c8625b6,2018-02-01,MG,construcao_ferramentas_ferramentas,costruction_tools_tools,1,29.9,14.08,43.98,7
9950ec4d,2018-02-01,MG,telefonia,telephony,1,49.99,15.1,65.09,20
791ecfcf,2018-02-01,SP,instrumentos_musicais,musical_instruments,1,79.0,17.03,96.03,18
bfd5957b,2018-02-02,MG,beleza_saude,health_beauty,1,165.9,17.6,183.5,5
3ad2e13d,2018-02-02,SC,informatica_acessorios,computers_accessories,2,178.6,30.76,209.36,15
47a9a149,2018-02-02,MG,non_renseignee,not_specified,1,109.0,16.52,125.52,4
9156ebc5,2018-02-02,RJ,eletronicos,electronics,1,390.0,17.48,407.48,14
6524090e,2018-02-02,SP,livros_importados,books_imported,1,83.0,8.78,91.78,4
258cf593,2018-02-02,SP,informatica_acessorios,computers_accessories,1,45.65,11.85,57.5,7
e8e55eaa,2018-02-02,RJ,papelaria,stationery,1,64.99,18.02,83.01,18
5ba3cea9,2018-02-03,SP,informatica_acessorios,computers_accessories,1,176.49,8.98,185.47,14
fc9c5a8e,2018-02-03,RJ,papelaria,stationery,1,149.0,18.29,167.29,6
ba87f0ac,2018-02-03,SP,perfumaria,perfumery,1,52.5,11.87,64.37,11
cc7d45cd,2018-02-04,SP,esporte_lazer,sports_leisure,1,279.99,26.8,306.79,10
ff767a59,2018-02-04,SP,utilidades_domesticas,housewares,1,459.99,23.71,483.7,16
8605ba0c,2018-02-04,PR,utilidades_domesticas,housewares,1,153.33,10.29,163.62,5
b50700cb,2018-02-04,SC,utilidades_domesticas,housewares,1,120.0,25.68,145.68,29
5884e0ca,2018-02-04,SP,cama_mesa_banho,bed_bath_table,1,44.9,9.09,53.99,2
b42b605e,2018-02-05,MG,bebes,baby,1,130.0,20.15,150.15,23
2d77b47f,2018-02-05,SP,eletronicos,electronics,1,18.0,11.85,29.85,11
316689f4,2018-02-05,SP,pet_shop,pet_shop,2,139.0,55.92,194.92,9
8a0c45c3,2018-02-05,SC,moveis_escritorio,office_furniture,3,239.96,92.16,332.12,29
de4645a6,2018-02-06,SC,malas_acessorios,luggage_accessories,1,248.99,74.69,323.68,15
726578ea,2018-02-06,PR,esporte_lazer,sports_leisure,1,99.0,15.44,114.44,9
f322d0eb,2018-02-06,MG,utilidades_domesticas,housewares,1,265.0,23.99,288.99,18
596c6d7a,2018-02-06,SP,cama_mesa_banho,bed_bath_table,1,25.0,8.72,33.72,8
cb415863,2018-02-06,SP,cama_mesa_banho,bed_bath_table,1,114.9,13.82,128.72,24
8af58344,2018-02-06,RJ,fashion_bolsas_e_acessorios,fashion_bags_accessories,3,790.0,49.77,839.77,10
4f0db42a,2018-02-06,RS,utilidades_domesticas,housewares,2,89.8,32.22,122.02,27
844f01e0,2018-02-06,RJ,eletronicos,electronics,1,25.9,16.79,42.69,13
ff31038b,2018-02-06,MG,perfumaria,perfumery,1,119.9,15.59,135.49,9
243b66cf,2018-02-07,BA,beleza_saude,health_beauty,1,56.99,16.97,73.96,40
26ccc2fa,2018-02-07,RJ,beleza_saude,health_beauty,1,59.9,8.27,68.17,7
a09b5dbc,2018-02-07,BA,cama_mesa_banho,bed_bath_table,1,56.99,17.97,74.96,15
73d7cec3,2018-02-07,MG,telefonia,telephony,1,44.99,14.1,59.09,12
0ce50541,2018-02-07,RJ,eletronicos,electronics,1,19.89,15.79,35.68,8
87fc097f,2018-02-07,MG,automotivo,auto,1,899.94,37.05,936.99,37
661620f1,2018-02-07,RJ,relogios_presentes,watches_gifts,1,54.99,7.94,62.93,7
4ab8819f,2018-02-07,SP,brinquedos,toys,1,49.9,12.69,62.59,2
baab3612,2018-02-07,RS,beleza_saude,health_beauty,1,14.9,15.1,30.0,28
ed40c8b2,2018-02-07,RJ,moveis_escritorio,office_furniture,1,40.0,14.1,54.1,14
a34e82fc,2018-02-07,CE,telefonia,telephony,1,29.99,17.63,47.62,18
e32a5647,2018-02-08,SP,esporte_lazer,sports_leisure,1,149.0,14.06,163.06,13
e0ee14b6,2018-02-08,SP,informatica_acessorios,computers_accessories,1,89.99,12.13,102.12,23
34cf44f5,2018-02-08,MS,instrumentos_musicais,musical_instruments,1,36.9,16.79,53.69,27
935f0d2a,2018-02-08,SP,cama_mesa_banho,bed_bath_table,1,86.9,16.24,103.14,11
106c30fc,2018-02-08,SP,telefonia,telephony,1,24.99,7.78,32.77,8
a094215e,2018-02-08,SP,non_renseignee,not_specified,1,122.99,9.06,132.05,10
fcaa2294,2018-02-08,SP,portateis_casa_forno_e_cafe,small_appliances_home_oven_and_coffee,1,24.9,11.85,36.75,7
17ca1148,2018-02-09,SP,esporte_lazer,sports_leisure,1,389.0,29.17,418.17,10
2d9ea6c9,2018-02-09,SP,ferramentas_jardim,garden_tools,1,49.9,13.37,63.27,16
77bd88a9,2018-02-09,RJ,telefonia,telephony,1,304.99,15.88,320.87,12
4405341a,2018-02-09,SP,informatica_acessorios,computers_accessories,1,74.9,15.27,90.17,24
70c50ba2,2018-02-09,SP,perfumaria,perfumery,1,79.0,13.57,92.57,19
a7025cf4,2018-02-09,RJ,bebidas,drinks,1,47.49,16.11,63.6,9
807e0bcd,2018-02-10,SP,cama_mesa_banho,bed_bath_table,1,92.0,13.66,105.66,10
b187d8fa,2018-02-10,SP,cama_mesa_banho,bed_bath_table,1,86.9,16.24,103.14,11
d121027b,2018-02-10,SP,livros_interesse_geral,books_general_interest,1,38.0,15.1,53.1,12
3b84a70d,2018-02-10,GO,cama_mesa_banho,bed_bath_table,1,86.9,21.1,108.0,32
31be75ff,2018-02-10,RJ,informatica_acessorios,computers_accessories,1,79.0,16.99,95.99,25
336ed4e4,2018-02-10,SP,beleza_saude,health_beauty,1,89.9,7.88,97.78,8
75b10195,2018-02-10,SP,telefonia,telephony,1,39.99,7.78,47.77,6
3fdee57c,2018-02-11,RS,cama_mesa_banho,bed_bath_table,1,79.9,16.32,96.22,33
4177ca66,2018-02-11,SP,perfumaria,perfumery,1,53.9,9.74,63.64,7
aeffea2c,2018-02-11,PR,moveis_decoracao,furniture_decor,1,99.9,17.18,117.08,5
86ec1d09,2018-02-11,MT,cama_mesa_banho,bed_bath_table,1,219.9,24.41,244.31,26
cb799c1b,2018-02-11,DF,utilidades_domesticas,housewares,1,99.8,61.44,161.24,17
7de7f006,2018-02-11,SP,cama_mesa_banho,bed_bath_table,2,399.8,28.69,428.49,7
317e190a,2018-02-12,RJ,moveis_decoracao,furniture_decor,2,151.8,53.7,205.5,15
228fe284,2018-02-12,SP,beleza_saude,health_beauty,1,325.0,10.47,335.47,4
f49641d7,2018-02-12,SP,cool_stuff,cool_stuff,1,179.99,13.81,193.8,7
68cf1c19,2018-02-12,RJ,cama_mesa_banho,bed_bath_table,1,12.9,15.1,28.0,51
27117619,2018-02-12,SP,informatica_acessorios,computers_accessories,1,79.9,15.31,95.21,22
44ce6def,2018-02-12,TO,beleza_saude,health_beauty,1,89.99,19.17,109.16,28
ee97923b,2018-02-12,SP,eletronicos,electronics,1,21.9,11.85,33.75,17
d75463c2,2018-02-12,RJ,moveis_decoracao,furniture_decor,1,129.9,15.66,145.56,16
65a88c35,2018-02-12,GO,non_renseignee,not_specified,1,157.2,14.85,172.05,14
82b1c20e,2018-02-12,SP,telefonia,telephony,1,24.99,7.78,32.77,4
c03c0621,2018-02-13,RS,esporte_lazer,sports_leisure,1,168.99,15.93,184.92,15
1693d3b0,2018-02-13,SP,esporte_lazer,sports_leisure,1,39.0,16.11,55.11,13
baf812fd,2018-02-13,SP,livros_interesse_geral,books_general_interest,1,15.0,8.72,23.72,3
71337e86,2018-02-13,SP,esporte_lazer,sports_leisure,1,22.0,8.72,30.72,3
9d01fa0e,2018-02-13,RJ,moveis_decoracao,furniture_decor,1,69.9,19.98,89.88,31
54467f43,2018-02-14,RJ,cama_mesa_banho,bed_bath_table,1,168.98,15.94,184.92,23
b74e2b98,2018-02-14,RJ,beleza_saude,health_beauty,1,89.99,16.39,106.38,48
2e23e1f7,2018-02-14,SP,esporte_lazer,sports_leisure,1,149.0,14.06,163.06,7
8a8a994e,2018-02-14,RJ,beleza_saude,health_beauty,1,89.49,14.38,103.87,21
45a4a071,2018-02-14,SP,non_renseignee,not_specified,1,55.3,11.89,67.19,12
3ad8b95d,2018-02-14,MS,pet_shop,pet_shop,1,171.0,15.95,186.95,16
5316d725,2018-02-14,PE,livros_interesse_geral,books_general_interest,1,44.9,26.89,71.79,22
36c7f505,2018-02-14,SP,esporte_lazer,sports_leisure,1,28.7,15.1,43.8,8
89739437,2018-02-14,RS,industria_comercio_e_negocios,industry_commerce_and_business,1,104.0,23.05,127.05,51
f6a4a400,2018-02-14,GO,cama_mesa_banho,bed_bath_table,1,30.9,15.1,46.0,27
3ae12676,2018-02-14,PR,moveis_decoracao,furniture_decor,1,299.99,18.58,318.57,12
9af31d2f,2018-02-15,RS,utilidades_domesticas,housewares,1,49.0,20.0,69.0,19
dd42374a,2018-02-15,SC,pet_shop,pet_shop,1,125.9,18.13,144.03,19
1a2dfbf5,2018-02-15,SP,beleza_saude,health_beauty,1,29.9,8.11,38.01,1
11fd5127,2018-02-15,RS,cine_foto,cine_photo,1,97.99,17.94,115.93,18
2a1ea1ab,2018-02-15,MG,moveis_decoracao,furniture_decor,1,118.9,16.59,135.49,11
264a0fbe,2018-02-15,MG,beleza_saude,health_beauty,1,24.9,14.1,39.0,8
4c6f0636,2018-02-15,SC,eletronicos,electronics,2,37.8,30.2,68.0,28
c61762ad,2018-02-15,SP,moveis_decoracao,furniture_decor,4,353.36,65.0,418.36,10
b9f477fd,2018-02-15,SC,non_renseignee,not_specified,1,122.99,15.61,138.6,19
81fd075e,2018-02-15,RS,utilidades_domesticas,housewares,1,33.8,16.11,49.91,36
c55364dc,2018-02-16,MG,beleza_saude,health_beauty,1,349.9,21.69,371.59,8
b4903df9,2018-02-16,PR,telefonia,telephony,1,18.99,15.1,34.09,20
6f56d701,2018-02-16,CE,cama_mesa_banho,bed_bath_table,1,114.9,29.2,144.1,45
3999a126,2018-02-16,SP,telefonia,telephony,1,29.99,7.78,37.77,6
ceb9cfd5,2018-02-16,MG,moveis_decoracao,furniture_decor,1,249.9,41.53,291.43,11
56fa5943,2018-02-17,SP,eletronicos,electronics,1,89.9,12.76,102.66,18
4d087089,2018-02-17,SP,telefonia,telephony,1,27.99,7.78,35.77,6
d1f61db2,2018-02-17,SP,cama_mesa_banho,bed_bath_table,1,39.0,11.73,50.73,2
e3667abe,2018-02-17,PR,telefonia,telephony,1,59.9,15.17,75.07,33
02b57c07,2018-02-17,RJ,moveis_decoracao,furniture_decor,1,99.9,16.95,116.85,13
8f1081aa,2018-02-17,SP,beleza_saude,health_beauty,1,44.9,14.1,59.0,8
a3316b63,2018-02-17,SC,informatica_acessorios,computers_accessories,2,168.0,30.68,198.68,24
6d042d20,2018-02-17,MG,cama_mesa_banho,bed_bath_table,1,369.9,33.34,403.24,23
f37f105a,2018-02-18,SP,eletronicos,electronics,1,21.9,7.78,29.68,4
4be9e4b7,2018-02-18,RN,non_renseignee,not_specified,1,122.99,34.66,157.65,15
03170fde,2018-02-18,RJ,informatica_acessorios,computers_accessories,1,38.9,14.1,53.0,16
61933015,2018-02-18,SP,esporte_lazer,sports_leisure,1,159.0,13.67,172.67,3
324a951e,2018-02-18,BA,telefonia,telephony,1,29.99,16.79,46.78,24
7b83e981,2018-02-18,SC,automotivo,auto,1,27.9,15.1,43.0,12
a1359034,2018-02-18,RJ,informatica_acessorios,computers_accessories,2,160.0,34.0,194.0,35
c6ee046b,2018-02-18,SP,bebes,baby,1,109.9,9.58,119.48,6
2d9ea2ef,2018-02-19,RJ,brinquedos,toys,1,82.0,16.82,98.82,9
56ac176c,2018-02-19,RJ,cama_mesa_banho,bed_bath_table,1,92.9,21.14,114.04,15
0c3e491f,2018-02-19,SP,informatica_acessorios,computers_accessories,1,149.9,36.37,186.27,8
58acbb73,2018-02-19,ES,eletronicos,electronics,1,14.7,15.1,29.8,16
f4f43841,2018-02-19,SP,esporte_lazer,sports_leisure,1,124.9,17.12,142.02,7
4b3fb492,2018-02-19,SP,pet_shop,pet_shop,3,518.7,50.91,569.61,20
e22702ac,2018-02-19,SP,informatica_acessorios,computers_accessories,1,31.9,14.1,46.0,13
62ba4fa6,2018-02-20,PR,perfumaria,perfumery,1,108.0,12.89,120.89,7
c9283076,2018-02-20,AL,bebes,baby,1,159.99,103.25,263.24,22
3644e865,2018-02-20,CE,telefonia,telephony,1,108.9,26.04,134.94,28
64cd2762,2018-02-20,MG,relogios_presentes,watches_gifts,1,159.0,9.68,168.68,10
141ba789,2018-02-20,GO,esporte_lazer,sports_leisure,1,204.0,17.87,221.87,12
80aa2135,2018-02-21,SP,cama_mesa_banho,bed_bath_table,2,598.0,27.18,625.18,12
a884ca2f,2018-02-21,PR,informatica_acessorios,computers_accessories,1,838.0,13.61,851.61,8
4e0e0148,2018-02-21,RJ,non_renseignee,not_specified,1,122.99,14.61,137.6,20
2cb6f509,2018-02-21,RJ,informatica_acessorios,computers_accessories,1,249.0,18.99,267.99,47
2548aa48,2018-02-21,SP,esporte_lazer,sports_leisure,1,125.0,13.89,138.89,14
7de211c0,2018-02-21,RJ,utilidades_domesticas,housewares,1,138.0,25.81,163.81,19
e76486ae,2018-02-21,SC,non_renseignee,not_specified,1,122.99,15.61,138.6,16
12307610,2018-02-22,BA,utilidades_domesticas,housewares,1,265.0,44.22,309.22,23
27d30c30,2018-02-22,PE,telefonia,telephony,1,25.9,25.63,51.53,14
8aa1b241,2018-02-22,SP,moveis_colchao_e_estofado,furniture_mattress_and_upholstery,1,75.0,36.62,111.62,6
a6d0edc0,2018-02-22,SP,informatica_acessorios,computers_accessories,2,170.0,30.68,200.68,12
55bfbfa0,2018-02-22,SP,informatica_acessorios,computers_accessories,1,125.0,15.63,140.63,11
c4b0818c,2018-02-22,SP,informatica_acessorios,computers_accessories,2,299.8,72.74,372.54,15
0e4a4de1,2018-02-22,DF,informatica_acessorios,computers_accessories,4,93.92,60.4,154.32,27
a10ec546,2018-02-22,GO,telefonia,telephony,1,29.99,15.1,45.09,18
4edb0456,2018-02-22,MG,informatica_acessorios,computers_accessories,1,29.9,12.48,42.38,10
a0e4b2e0,2018-02-22,SP,cama_mesa_banho,bed_bath_table,1,89.99,13.65,103.64,10
49bab3f9,2018-02-23,SP,automotivo,auto,1,143.8,16.71,160.51,7
f636244e,2018-02-23,RJ,esporte_lazer,sports_leisure,1,123.9,15.62,139.52,44
a8f2b9f6,2018-02-23,SP,informatica_acessorios,computers_accessories,1,149.9,13.18,163.08,25
4c95b21e,2018-02-23,RN,eletronicos,electronics,1,19.9,42.38,62.28,21
565db683,2018-02-24,MG,relogios_presentes,watches_gifts,1,335.0,17.1,352.1,6
d2ff5b42,2018-02-24,AL,beleza_saude,health_beauty,1,149.99,36.37,186.36,17
7a222678,2018-02-24,RS,beleza_saude,health_beauty,1,58.99,15.16,74.15,16
ac5f6eb7,2018-02-24,PE,relogios_presentes,watches_gifts,1,204.0,29.83,233.83,30
8f4c2a46,2018-02-24,PR,relogios_presentes,watches_gifts,1,399.0,17.54,416.54,38
c42c77ad,2018-02-24,MG,informatica_acessorios,computers_accessories,1,149.9,17.49,167.39,37
6191c14b,2018-02-24,SP,utilidades_domesticas,housewares,1,28.14,9.34,37.48,3
27de05cb,2018-02-24,CE,relogios_presentes,watches_gifts,1,179.0,26.53,205.53,30
b062c88d,2018-02-24,BA,bebes,baby,1,109.9,38.32,148.22,71
0e8e76ea,2018-02-25,PR,informatica_acessorios,computers_accessories,1,149.9,17.0,166.9,10
1b501143,2018-02-25,MG,telefonia,telephony,1,49.99,14.1,64.09,9
fb33708d,2018-02-25,RJ,non_renseignee,not_specified,1,41.3,15.1,56.4,9
63e0b9d6,2018-02-25,SP,informatica_acessorios,computers_accessories,1,31.9,14.1,46.0,21
8eb40d0d,2018-02-25,PR,utilidades_domesticas,housewares,1,179.0,22.05,201.05,15
c785f1a0,2018-02-25,SP,informatica_acessorios,computers_accessories,2,144.9,25.26,170.16,8
d990526f,2018-02-26,SP,informatica_acessorios,computers_accessories,1,82.8,12.71,95.51,16
c0aad5ef,2018-02-26,PR,informatica_acessorios,computers_accessories,1,149.0,18.66,167.66,11
0381dc39,2018-02-26,MS,informatica_acessorios,computers_accessories,1,74.9,16.96,91.86,17
064c5d78,2018-02-26,RJ,cama_mesa_banho,bed_bath_table,1,65.9,16.22,82.12,24
001021ef,2018-02-27,PR,fashion_bolsas_e_acessorios,fashion_bags_accessories,1,49.0,15.1,64.1,9
f407e662,2018-02-27,RJ,construcao_ferramentas_construcao,construction_tools_construction,1,199.9,17.84,217.74,58
def71706,2018-02-27,RS,ferramentas_jardim,garden_tools,2,107.8,35.26,143.06,12
b3972553,2018-02-27,GO,beleza_saude,health_beauty,1,535.9,37.55,573.45,23
6fb5acfd,2018-02-27,SP,industria_comercio_e_negocios,industry_commerce_and_business,1,584.4,18.84,603.24,22
0589d8b9,2018-02-27,RN,beleza_saude,health_beauty,1,201.34,25.96,227.3,8
1927dede,2018-02-27,RJ,informatica_acessorios,computers_accessories,2,142.8,33.88,176.68,41
ac5ad4cf,2018-02-27,SP,informatica_acessorios,computers_accessories,1,249.99,13.25,263.24,42
833a4b8d,2018-02-27,RS,cama_mesa_banho,bed_bath_table,2,275.8,36.44,312.24,14
99384088,2018-02-28,PR,informatica_acessorios,computers_accessories,1,39.99,15.11,55.1,12
97bf52f3,2018-02-28,ES,esporte_lazer,sports_leisure,1,45.9,14.1,60.0,20
fbefd1a1,2018-02-28,RJ,informatica_acessorios,computers_accessories,1,30.21,15.1,45.31,39
14f4374a,2018-02-28,SP,papelaria,stationery,1,39.99,8.72,48.71,2
9d32c5c7,2018-02-28,RJ,cama_mesa_banho,bed_bath_table,1,179.0,22.09,201.09,56
4ce8d6f2,2018-02-28,MG,pet_shop,pet_shop,1,95.0,12.37,107.37,6
bd83663c,2018-02-28,DF,beleza_saude,health_beauty,1,269.45,16.64,286.09,19
2062e2b2,2018-02-28,SP,bebes,baby,1,48.9,9.94,58.84,2
4074c824,2018-02-28,RS,esporte_lazer,sports_leisure,1,125.0,18.12,143.12,36
8fd67055,2018-03-01,TO,automotivo,auto,1,134.9,29.34,164.24,14
f14edad9,2018-03-01,SP,informatica_acessorios,computers_accessories,1,149.9,36.37,186.27,15
c3484520,2018-03-01,SP,cama_mesa_banho,bed_bath_table,1,254.9,15.99,270.89,4
f889e402,2018-03-01,RJ,non_renseignee,not_specified,1,35.9,17.6,53.5,38
4c9ad1ec,2018-03-01,SC,utilidades_domesticas,housewares,1,30.0,52.36,82.36,25
ca2c921a,2018-03-01,AC,informatica_acessorios,computers_accessories,1,27.9,31.02,58.92,42
0d712638,2018-03-01,SP,perfumaria,perfumery,1,25.0,14.1,39.1,7
92d8c82b,2018-03-01,SP,eletronicos,electronics,1,19.9,12.48,32.38,11
623125be,2018-03-02,SP,cama_mesa_banho,bed_bath_table,1,62.0,7.78,69.78,3
89fa4e94,2018-03-02,SP,cool_stuff,cool_stuff,1,41.9,12.23,54.13,3
484483a0,2018-03-02,RJ,non_renseignee,not_specified,1,122.99,14.61,137.6,50
bfaefe50,2018-03-02,MG,automotivo,auto,1,25.0,16.11,41.11,25
2591658a,2018-03-02,MG,cama_mesa_banho,bed_bath_table,2,58.8,32.7,91.5,14
f3bd551f,2018-03-02,MA,esporte_lazer,sports_leisure,1,69.9,35.81,105.71,26
78434d3b,2018-03-02,RN,cama_mesa_banho,bed_bath_table,1,79.9,35.88,115.78,21
81f0ac6d,2018-03-02,SP,telefonia,telephony,1,29.98,7.78,37.76,5
13a23ee9,2018-03-03,MG,automotivo,auto,1,169.9,14.92,184.82,9
6d56dcd3,2018-03-03,GO,esporte_lazer,sports_leisure,1,59.99,15.18,75.17,35
07d393ee,2018-03-03,SP,brinquedos,toys,1,209.0,43.66,252.66,18
3fbceefa,2018-03-03,SP,pet_shop,pet_shop,1,69.99,11.99,81.98,6
fbb1eb18,2018-03-03,RS,moveis_decoracao,furniture_decor,2,76.8,41.68,118.48,15
b37d46f8,2018-03-03,PB,cama_mesa_banho,bed_bath_table,1,13.9,34.15,48.05,25
c6fb2348,2018-03-04,SP,cool_stuff,cool_stuff,1,215.0,14.06,229.06,4
b18b5fde,2018-03-04,RS,fashion_underwear_e_moda_praia,fashion_underwear_beach,1,59.8,17.7,77.5,11
271a60ca,2018-03-04,MG,relogios_presentes,watches_gifts,1,108.0,15.52,123.52,11
eb16480b,2018-03-04,SP,beleza_saude,health_beauty,1,29.9,8.11,38.01,4
437da447,2018-03-04,SP,relogios_presentes,watches_gifts,1,148.9,8.3,157.2,4
b674e463,2018-03-04,RJ,perfumaria,perfumery,1,229.9,16.36,246.26,28
08fd8d3e,2018-03-05,RJ,informatica_acessorios,computers_accessories,1,70.0,16.93,86.93,21
0e7ad202,2018-03-05,RJ,papelaria,stationery,1,39.9,15.79,55.69,11
2793a15d,2018-03-05,SP,informatica_acessorios,computers_accessories,6,297.0,76.14,373.14,4
4391a26e,2018-03-05,SC,cama_mesa_banho,bed_bath_table,1,86.9,21.1,108.0,16
f11cc2cb,2018-03-05,SP,informatica_acessorios,computers_accessories,2,134.0,28.44,162.44,10
5ee4ad93,2018-03-05,SP,eletronicos,electronics,1,13.65,7.78,21.43,4
c617d0b6,2018-03-05,MG,ferramentas_jardim,garden_tools,1,169.0,26.8,195.8,4
8215a748,2018-03-06,SP,beleza_saude,health_beauty,1,110.99,29.81,140.8,31
69253628,2018-03-06,MS,fashion_underwear_e_moda_praia,fashion_underwear_beach,1,59.9,18.3,78.2,27
8fc47f65,2018-03-06,PR,cama_mesa_banho,bed_bath_table,2,139.8,46.14,185.94,23
d54365a5,2018-03-06,MG,construcao_ferramentas_seguranca,construction_tools_safety,1,299.98,18.81,318.79,13
fe968a56,2018-03-06,PR,cama_mesa_banho,bed_bath_table,1,299.0,19.97,318.97,21
3a7796fe,2018-03-06,BA,esporte_lazer,sports_leisure,1,85.0,22.3,107.3,15
f9fe6e11,2018-03-06,RJ,moveis_decoracao,furniture_decor,3,104.7,58.61,163.31,10
e2119968,2018-03-06,SP,moveis_decoracao,furniture_decor,1,88.34,17.53,105.87,7
f258f1bb,2018-03-06,SP,automotivo,auto,1,329.9,23.39,353.29,10
b2a5b4b9,2018-03-06,MG,moveis_cozinha_area_de_servico_jantar_e_jardim,kitchen_dining_laundry_garden_furniture,1,44.88,41.11,85.99,8
1192f8d4,2018-03-07,SP,relogios_presentes,watches_gifts,1,137.0,18.84,155.84,13
e3143ad1,2018-03-07,PA,relogios_presentes,watches_gifts,1,29.0,19.04,48.04,22
b69113e2,2018-03-07,MG,eletrodomesticos,home_appliances,1,69.9,23.07,92.97,13
fd4db108,2018-03-07,PR,relogios_presentes,watches_gifts,1,199.9,19.28,219.18,85
33feb9bd,2018-03-07,GO,bebidas,drinks,1,47.49,19.32,66.81,20
a5066c35,2018-03-07,RJ,cama_mesa_banho,bed_bath_table,1,67.5,18.35,85.85,39
0218bc1c,2018-03-07,CE,cama_mesa_banho,bed_bath_table,2,266.0,45.98,311.98,21
3923e3ad,2018-03-07,SP,instrumentos_musicais,musical_instruments,1,59.9,18.25,78.15,11
bb5aa44b,2018-03-08,SP,industria_comercio_e_negocios,industry_commerce_and_business,1,119.0,16.55,135.55,7
262bf694,2018-03-08,MG,beleza_saude,health_beauty,1,349.9,22.18,372.08,7
906268a2,2018-03-08,SP,relogios_presentes,watches_gifts,1,55.0,13.75,68.75,8
c509cd4c,2018-03-08,SP,eletronicos,electronics,1,18.9,13.47,32.37,7
553d47dc,2018-03-08,MG,ferramentas_jardim,garden_tools,1,59.9,20.99,80.89,15
43aeddd1,2018-03-08,RJ,telefonia,telephony,1,24.99,15.23,40.22,41
006127b8,2018-03-08,SP,relogios_presentes,watches_gifts,1,540.0,16.22,556.22,12
d0de4776,2018-03-08,RJ,esporte_lazer,sports_leisure,1,129.9,36.04,165.94,16
4b60fd43,2018-03-08,MG,moveis_decoracao,furniture_decor,1,56.0,19.36,75.36,17
ee5e794b,2018-03-09,ES,utilidades_domesticas,housewares,1,78.9,26.63,105.53,33
b7636a99,2018-03-09,SP,beleza_saude,health_beauty,1,28.9,18.23,47.13,10
980bc014,2018-03-09,RJ,cama_mesa_banho,bed_bath_table,1,110.0,23.35,133.35,39
011bf86f,2018-03-09,SC,moveis_decoracao,furniture_decor,2,70.0,38.64,108.64,12
a0be4f22,2018-03-09,RS,relogios_presentes,watches_gifts,1,579.0,19.95,598.95,19
15a87de4,2018-03-09,MG,beleza_saude,health_beauty,1,89.9,18.51,108.41,10
0a0ae638,2018-03-10,RJ,cama_mesa_banho,bed_bath_table,1,39.99,19.32,59.31,33
5af3f71a,2018-03-10,MG,esporte_lazer,sports_leisure,1,185.0,23.87,208.87,17
487be7e4,2018-03-10,RJ,relogios_presentes,watches_gifts,1,188.0,19.2,207.2,25
b939c777,2018-03-10,RJ,moveis_escritorio,office_furniture,1,116.99,15.7,132.69,35
a4186d9e,2018-03-10,MS,cool_stuff,cool_stuff,1,99.99,18.28,118.27,11
83b730ab,2018-03-11,SP,utilidades_domesticas,housewares,1,120.0,13.75,133.75,5
dff2aa79,2018-03-11,MG,non_renseignee,not_specified,1,119.9,22.55,142.45,5
152c5ae8,2018-03-11,RS,moveis_decoracao,furniture_decor,1,135.0,20.99,155.99,30
2fae5233,2018-03-11,MS,relogios_presentes,watches_gifts,1,274.9,19.8,294.7,25
d0e93999,2018-03-11,SP,informatica_acessorios,computers_accessories,1,85.0,13.71,98.71,5
a574693e,2018-03-12,MG,utilidades_domesticas,housewares,2,89.98,30.46,120.44,9
45e5d1e6,2018-03-12,SP,beleza_saude,health_beauty,1,503.34,24.88,528.22,5
71cd324a,2018-03-12,SP,esporte_lazer,sports_leisure,1,60.0,7.39,67.39,3
01b33080,2018-03-12,MA,esporte_lazer,sports_leisure,1,104.9,24.86,129.76,53
25bd2ad9,2018-03-12,PA,ferramentas_jardim,garden_tools,3,161.7,127.32,289.02,51
1e445a76,2018-03-12,MG,cama_mesa_banho,bed_bath_table,1,74.9,19.49,94.39,10
17763f22,2018-03-12,GO,esporte_lazer,sports_leisure,2,338.0,38.12,376.12,13
69d7b0fd,2018-03-12,BA,telefonia,telephony,1,33.87,17.06,50.93,29
737ecd48,2018-03-12,PI,eletronicos,electronics,1,13.65,50.85,64.5,11
37b53df6,2018-03-13,RJ,bebidas,drinks,1,47.49,19.32,66.81,15
c2fd6267,2018-03-13,MG,eletronicos,electronics,1,19.9,19.95,39.85,21
788b1a55,2018-03-14,CE,brinquedos,toys,1,160.0,47.56,207.56,27
1e9a3258,2018-03-14,SP,informatica_acessorios,computers_accessories,1,129.9,9.26,139.16,6
77db593e,2018-03-14,SP,telefonia,telephony,1,17.99,7.39,25.38,7
303be864,2018-03-14,SP,informatica_acessorios,computers_accessories,1,180.0,9.56,189.56,5
d0719a91,2018-03-15,SP,construcao_ferramentas_construcao,construction_tools_construction,1,112.0,59.79,171.79,20
614ac345,2018-03-15,BA,telefonia,telephony,1,29.98,17.06,47.04,20
35253375,2018-03-15,RJ,bebes,baby,1,35.0,15.23,50.23,19
ec5cf231,2018-03-15,MG,relogios_presentes,watches_gifts,1,212.9,19.37,232.27,11
d0ddded2,2018-03-15,MT,brinquedos,toys,1,49.99,22.85,72.84,33
dfacafa5,2018-03-16,SP,ferramentas_jardim,garden_tools,1,85.5,13.04,98.54,11
1ddb535e,2018-03-16,BA,beleza_saude,health_beauty,1,81.9,20.3,102.2,13
b23f8178,2018-03-16,SP,automotivo,auto,1,179.49,9.02,188.51,6
cf3b1dd0,2018-03-16,SP,audio,audio,1,467.0,15.71,482.71,17
5d421753,2018-03-16,RJ,esporte_lazer,sports_leisure,1,28.99,14.29,43.28,27
c54c9b37,2018-03-16,MT,construcao_ferramentas_construcao,construction_tools_construction,1,338.0,39.06,377.06,18
e194f9ac,2018-03-16,MS,construcao_ferramentas_iluminacao,construction_tools_lights,1,250.0,97.56,347.56,33
1c8c848f,2018-03-16,SP,telefonia,telephony,1,59.0,7.87,66.87,6
29d2d0b5,2018-03-16,SP,bebes,baby,1,199.0,14.75,213.75,9
2200d7d4,2018-03-16,BA,informatica_acessorios,computers_accessories,1,46.99,17.06,64.05,12
d1175caa,2018-03-16,MG,esporte_lazer,sports_leisure,2,137.98,26.76,164.74,10
0dd9baba,2018-03-17,MG,perfumaria,perfumery,1,53.99,18.26,72.25,6
3068ff17,2018-03-17,SP,market_place,market_place,1,27.93,8.29,36.22,4
9080bbeb,2018-03-17,SP,cama_mesa_banho,bed_bath_table,1,86.9,16.29,103.19,12
dce4968a,2018-03-17,PR,moveis_decoracao,furniture_decor,1,14.9,13.61,28.51,11
97d8101d,2018-03-17,RS,beleza_saude,health_beauty,1,47.65,15.23,62.88,26
91da5dfe,2018-03-18,SP,malas_acessorios,luggage_accessories,1,40.62,18.23,58.85,11
5c3ed80b,2018-03-18,RS,cama_mesa_banho,bed_bath_table,1,86.9,24.82,111.72,47
40033b00,2018-03-18,SP,eletronicos,electronics,1,18.9,13.47,32.37,9
4fe48790,2018-03-18,SP,automotivo,auto,1,84.55,12.5,97.05,5
6045586d,2018-03-18,RS,informatica_acessorios,computers_accessories,1,129.0,78.54,207.54,17
fb83eb48,2018-03-18,SP,alimentos,food,1,27.9,7.87,35.77,4
f1e21bf0,2018-03-19,SP,informatica_acessorios,computers_accessories,1,67.99,14.52,82.51,1
c21e59c9,2018-03-19,SP,informatica_acessorios,computers_accessories,2,51.8,25.58,77.38,22
8f651312,2018-03-19,AL,dvds_blu_ray,dvds_blu_ray,1,24.9,22.85,47.75,25
0b010669,2018-03-19,MG,fashion_bolsas_e_acessorios,fashion_bags_accessories,3,74.9,54.69,129.59,25
1dbed8d8,2018-03-19,SP,pet_shop,pet_shop,1,92.5,13.09,105.59,13
9f3b6091,2018-03-19,SE,informatica_acessorios,computers_accessories,1,129.9,25.04,154.94,9
a1fb0092,2018-03-20,MG,informatica_acessorios,computers_accessories,1,139.0,23.83,162.83,6
cebe3ad5,2018-03-20,RJ,telefonia,telephony,2,629.8,40.16,669.96,14
bb45e059,2018-03-20,SP,informatica_acessorios,computers_accessories,1,32.99,8.88,41.87,1
01d72d42,2018-03-20,GO,non_renseignee,not_specified,1,147.2,18.91,166.11,16
1b767ee7,2018-03-20,SP,beleza_saude,health_beauty,2,380.46,32.42,412.88,15
f655e064,2018-03-20,ES,informatica_acessorios,computers_accessories,1,81.99,18.45,100.44,21
681ab8d8,2018-03-20,BA,fashion_bolsas_e_acessorios,fashion_bags_accessories,1,43.8,17.06,60.86,10
89ca1c6f,2018-03-20,MG,papelaria,stationery,2,47.95,38.63,86.58,33
10dbf624,2018-03-20,RS,non_renseignee,not_specified,2,219.8,31.3,251.1,6
669babbc,2018-03-20,SP,automotivo,auto,1,79.9,15.47,95.37,6
6689c518,2018-03-21,SP,cama_mesa_banho,bed_bath_table,3,171.0,33.45,204.45,6
c8c7f84d,2018-03-21,SP,esporte_lazer,sports_leisure,1,35.0,8.88,43.88,1
1e13bca5,2018-03-21,PB,fashion_bolsas_e_acessorios,fashion_bags_accessories,1,86.0,51.1,137.1,7
9de066b6,2018-03-21,BA,cama_mesa_banho,bed_bath_table,1,52.11,22.07,74.18,20
9482fa34,2018-03-21,SP,moveis_decoracao,furniture_decor,1,34.9,7.39,42.29,2
14f90c3a,2018-03-21,SP,cama_mesa_banho,bed_bath_table,1,59.9,19.39,79.29,15
fa2fd666,2018-03-21,RS,utilidades_domesticas,housewares,1,122.0,18.68,140.68,3
b1358540,2018-03-21,MS,beleza_saude,health_beauty,1,47.65,18.23,65.88,28
db1e72ae,2018-03-21,ES,moveis_escritorio,office_furniture,1,369.9,98.35,468.25,6
af32f548,2018-03-22,SP,cama_mesa_banho,bed_bath_table,1,75.0,13.89,88.89,6
31926e07,2018-03-22,RJ,pet_shop,pet_shop,1,99.9,23.28,123.18,21
146f83fb,2018-03-22,SP,beleza_saude,health_beauty,2,95.3,14.78,110.08,6
3a17199c,2018-03-22,SP,automotivo,auto,1,59.58,14.51,74.09,13
9f9fcafe,2018-03-22,SP,esporte_lazer,sports_leisure,1,59.9,7.39,67.29,6
7403ac23,2018-03-22,SP,informatica_acessorios,computers_accessories,2,25.98,14.78,40.76,5
d0fd7d0f,2018-03-22,MG,esporte_lazer,sports_leisure,2,90.0,46.24,136.24,12
2305ed31,2018-03-22,SP,non_renseignee,not_specified,1,122.99,8.63,131.62,5
c57e8fc5,2018-03-22,SP,fashion_bolsas_e_acessorios,fashion_bags_accessories,1,59.0,7.39,66.39,4
a92635cf,2018-03-22,ES,telefonia,telephony,1,27.99,15.23,43.22,15
8269e224,2018-03-22,SC,perfumaria,perfumery,1,69.9,13.75,83.65,5
9856503e,2018-03-23,MG,eletronicos,electronics,1,18.9,15.23,34.13,10
96f23647,2018-03-23,SP,esporte_lazer,sports_leisure,1,109.99,13.82,123.81,6
333f7792,2018-03-23,RS,cool_stuff,cool_stuff,1,25.0,19.32,44.32,17
978ffd04,2018-03-23,SP,ferramentas_jardim,garden_tools,2,99.98,36.86,136.84,12
65b5697d,2018-03-23,SP,relogios_presentes,watches_gifts,1,599.9,11.06,610.96,4
65643122,2018-03-23,RS,cama_mesa_banho,bed_bath_table,1,16.9,18.23,35.13,20
9e90d341,2018-03-23,SP,automotivo,auto,1,27.9,7.87,35.77,5
acfac8c9,2018-03-24,RJ,construcao_ferramentas_construcao,construction_tools_construction,1,45.93,7.87,53.8,4
7fc9cfbe,2018-03-24,DF,relogios_presentes,watches_gifts,1,219.0,24.11,243.11,11
936a3fe5,2018-03-25,MS,brinquedos,toys,1,19.9,18.23,38.13,9
d8af0191,2018-03-25,SC,pet_shop,pet_shop,1,119.9,15.85,135.75,4
bbabf4c6,2018-03-25,SP,perfumaria,perfumery,1,119.9,18.72,138.62,9
d30ebaf3,2018-03-25,RJ,eletrodomesticos_2,home_appliances_2,1,339.9,24.09,363.99,10
61e6dc40,2018-03-25,BA,relogios_presentes,watches_gifts,1,129.99,19.6,149.59,11
818b4701,2018-03-25,ES,audio,audio,2,71.28,35.86,107.14,16
ae2a64ff,2018-03-25,SP,fashion_bolsas_e_acessorios,fashion_bags_accessories,1,469.0,18.16,487.16,2
475681bb,2018-03-25,DF,cama_mesa_banho,bed_bath_table,1,110.0,18.35,128.35,17
705aedb6,2018-03-25,SP,papelaria,stationery,1,129.0,13.94,142.94,7
ea76b783,2018-03-26,MG,bebes,baby,1,115.0,8.92,123.92,3
717ebc80,2018-03-26,RJ,esporte_lazer,sports_leisure,1,120.0,7.87,127.87,2
e18f65e5,2018-03-26,SP,cool_stuff,cool_stuff,1,379.0,45.4,424.4,7
4f9b6a9b,2018-03-26,MG,construcao_ferramentas_iluminacao,construction_tools_lights,1,37.0,14.44,51.44,23
92109721,2018-03-26,RO,cool_stuff,cool_stuff,1,269.0,84.58,353.58,22
3a57e4ae,2018-03-26,SP,beleza_saude,health_beauty,1,79.99,8.91,88.9,2
7bb86294,2018-03-26,CE,eletronicos,electronics,1,18.0,37.04,55.04,18
e17fa68d,2018-03-26,MG,moveis_decoracao,furniture_decor,1,179.0,23.83,202.83,7
ab116cd2,2018-03-27,RS,esporte_lazer,sports_leisure,2,217.8,35.42,253.22,10
6ac4c573,2018-03-27,RJ,ferramentas_jardim,garden_tools,1,500.0,18.38,518.38,15
1475b48a,2018-03-27,RS,non_renseignee,not_specified,1,122.99,15.74,138.73,16
ea2b2e90,2018-03-27,SP,beleza_saude,health_beauty,1,49.49,7.87,57.36,2
8f93cec8,2018-03-28,SP,relogios_presentes,watches_gifts,1,168.9,8.37,177.27,1
49e7c284,2018-03-28,SP,esporte_lazer,sports_leisure,1,149.9,23.63,173.53,10
92258ef4,2018-03-28,DF,automotivo,auto,1,149.0,18.92,167.92,7
9e4b90ee,2018-03-28,SP,eletronicos,electronics,1,13.65,7.39,21.04,9
abd29484,2018-03-28,SP,automotivo,auto,1,19.69,7.39,27.08,7
0ed70666,2018-03-28,RJ,perfumaria,perfumery,2,235.4,17.54,252.94,7
f05c1aa4,2018-03-29,SP,moveis_decoracao,furniture_decor,1,148.0,18.62,166.62,11
b8fbd8a0,2018-03-29,SP,cama_mesa_banho,bed_bath_table,1,129.9,12.0,141.9,8
abd31302,2018-03-29,SP,agro_industria_e_comercio,agro_industry_and_commerce,1,412.0,23.64,435.64,7
e43062fd,2018-03-29,SP,automotivo,auto,1,180.0,13.17,193.17,7
c751f7b0,2018-03-29,RS,consoles_games,consoles_games,2,109.98,30.52,140.5,15
830fbd00,2018-03-29,SP,beleza_saude,health_beauty,1,152.0,12.55,164.55,14
05c8ada1,2018-03-29,MG,cool_stuff,cool_stuff,1,179.99,18.84,198.83,12
0c8813b3,2018-03-30,SP,papelaria,stationery,1,159.0,15.2,174.2,18
fe8568b0,2018-03-30,MG,malas_acessorios,luggage_accessories,1,139.0,40.36,179.36,11
11b0d2ca,2018-03-30,DF,relogios_presentes,watches_gifts,1,489.0,209.63,698.63,21
662c204b,2018-03-30,SP,moveis_escritorio,office_furniture,1,139.94,18.35,158.29,17
3928bef4,2018-03-30,SP,esporte_lazer,sports_leisure,1,55.9,18.27,74.17,12
72002d46,2018-03-31,SC,telefonia,telephony,2,51.97,30.46,82.43,11
741b9a72,2018-03-31,SP,esporte_lazer,sports_leisure,1,37.9,8.82,46.72,4
0b88df5b,2018-03-31,BA,telefonia,telephony,1,37.99,22.06,60.05,18
93759292,2018-03-31,SC,la_cuisine,la_cuisine,1,389.0,37.7,426.7,6
304979f0,2018-04-01,SP,automotivo,auto,1,109.9,18.85,128.75,9
8b56c031,2018-04-01,DF,non_renseignee,not_specified,1,122.99,15.74,138.73,8
f783f9fd,2018-04-01,SP,relogios_presentes,watches_gifts,1,199.99,8.26,208.25,3
9fc6ad47,2018-04-01,RS,telefonia,telephony,1,24.99,15.23,40.22,20
38a920f4,2018-04-02,SP,cool_stuff,cool_stuff,1,131.9,19.98,151.88,13
bfff22b5,2018-04-02,SP,relogios_presentes,watches_gifts,1,134.9,13.38,148.28,7
dcd503d4,2018-04-02,SP,eletronicos,electronics,1,65.6,14.55,80.15,10
ff543157,2018-04-02,BA,relogios_presentes,watches_gifts,1,130.0,39.83,169.83,23
6324e65e,2018-04-02,PR,construcao_ferramentas_seguranca,construction_tools_safety,1,65.0,15.33,80.33,8
15c8f741,2018-04-02,SP,moveis_decoracao,furniture_decor,1,250.0,37.77,287.77,7
143557cd,2018-04-03,RJ,cama_mesa_banho,bed_bath_table,1,80.0,19.53,99.53,11
2a713182,2018-04-03,SP,eletronicos,electronics,2,37.8,26.94,64.74,7
a9a75c64,2018-04-03,SP,beleza_saude,health_beauty,1,59.0,17.32,76.32,2
128e25da,2018-04-03,SP,bebes,baby,1,35.9,8.88,44.78,4
cdd6677f,2018-04-03,PR,relogios_presentes,watches_gifts,1,550.0,21.73,571.73,15
11bae3be,2018-04-03,MG,telefonia,telephony,1,54.99,18.26,73.25,9
ecc456d3,2018-04-03,MG,relogios_presentes,watches_gifts,1,215.9,16.39,232.29,8
61bcc94e,2018-04-03,SP,esporte_lazer,sports_leisure,1,299.0,15.21,314.21,5
2b17fef7,2018-04-03,RJ,malas_acessorios,luggage_accessories,1,99.0,21.77,120.77,27
794d80f9,2018-04-03,SP,eletroportateis,small_appliances,1,74.06,23.1,97.16,7
d051c76a,2018-04-03,SP,moveis_escritorio,office_furniture,1,79.99,17.37,97.36,14
3cfcc0ca,2018-04-04,SC,perfumaria,perfumery,1,379.9,11.57,391.47,8
ca836e63,2018-04-04,SP,informatica_acessorios,computers_accessories,2,172.89,21.19,194.08,9
8798b3a8,2018-04-04,SP,esporte_lazer,sports_leisure,1,119.9,20.18,140.08,9
9e3a542f,2018-04-04,CE,ferramentas_jardim,garden_tools,1,53.9,39.47,93.37,51
0963806f,2018-04-04,GO,cama_mesa_banho,bed_bath_table,1,92.9,24.86,117.76,19
a39f565f,2018-04-04,SP,perfumaria,perfumery,2,200.0,27.05,227.05,5
1031e136,2018-04-04,SP,industria_comercio_e_negocios,industry_commerce_and_business,1,74.0,12.43,86.43,6
9f9d2b35,2018-04-04,SP,construcao_ferramentas_construcao,construction_tools_construction,3,297.0,37.8,334.8,2
5e163496,2018-04-04,SP,papelaria,stationery,1,59.0,13.77,72.77,8
58436e5d,2018-04-04,SP,brinquedos,toys,1,29.99,16.32,46.31,5
d9612f40,2018-04-05,SP,automotivo,auto,1,169.9,13.63,183.53,6
797fd27a,2018-04-05,SP,esporte_lazer,sports_leisure,1,179.0,13.69,192.69,9
2a02dbd2,2018-04-05,MG,perfumaria,perfumery,1,79.99,15.38,95.37,12
dfa48852,2018-04-05,MG,utilidades_domesticas,housewares,1,49.0,18.23,67.23,18
b02aff94,2018-04-05,RS,informatica_acessorios,computers_accessories,1,40.0,33.51,73.51,18
a878aea8,2018-04-05,RJ,automotivo,auto,1,74.9,19.49,94.39,20
0bf738ff,2018-04-05,RS,cama_mesa_banho,bed_bath_table,1,47.9,16.32,64.22,7
abb71d01,2018-04-05,MG,beleza_saude,health_beauty,1,2799.65,38.57,2838.22,5
af9f47d8,2018-04-05,CE,telefonia,telephony,1,27.99,19.04,47.03,19
236ec68d,2018-04-05,BA,automotivo,auto,1,220.0,23.25,243.25,13
96c83375,2018-04-06,MS,casa_construcao,home_construction,1,65.9,18.34,84.24,26
e1a9073a,2018-04-06,RJ,papelaria,stationery,2,69.8,32.64,102.44,19
65d13486,2018-04-06,RJ,climatizacao,air_conditioning,1,190.0,34.87,224.87,20
7d9a11d3,2018-04-06,SP,construcao_ferramentas_iluminacao,construction_tools_lights,1,80.0,8.86,88.86,4
84067c19,2018-04-06,DF,esporte_lazer,sports_leisure,2,299.8,29.62,329.42,7
4edeb171,2018-04-06,SP,cama_mesa_banho,bed_bath_table,1,43.8,11.15,54.95,3
e538294b,2018-04-06,SP,utilidades_domesticas,housewares,1,28.9,12.79,41.69,12
e213fc21,2018-04-06,RJ,eletroportateis,small_appliances,1,71.32,27.23,98.55,7
459bd994,2018-04-06,SP,industria_comercio_e_negocios,industry_commerce_and_business,1,79.0,13.46,92.46,6
70cca242,2018-04-06,SP,construcao_ferramentas_seguranca,construction_tools_safety,1,184.22,20.26,204.48,6
8055e039,2018-04-06,RS,livros_interesse_geral,books_general_interest,1,87.0,15.49,102.49,31
4baa0641,2018-04-07,SP,cool_stuff,cool_stuff,1,199.0,22.29,221.29,10
5b3d2b15,2018-04-08,SP,beleza_saude,health_beauty,1,135.9,13.99,149.89,11
61744418,2018-04-08,RS,bebes,baby,1,47.9,16.32,64.22,5
3f50858a,2018-04-08,MG,moveis_decoracao,furniture_decor,1,334.8,17.22,352.02,17
d07d0cce,2018-04-08,RJ,alimentos,food,1,56.97,18.02,74.99,11
7401e625,2018-04-08,SP,esporte_lazer,sports_leisure,1,120.0,18.72,138.72,10
925ee6cf,2018-04-08,BA,bebes,baby,1,1106.99,31.4,1138.39,23
0ae9d563,2018-04-08,BA,cama_mesa_banho,bed_bath_table,1,79.9,58.0,137.9,15
b1f9820e,2018-04-09,MG,automotivo,auto,1,10.0,18.23,28.23,6
86cca7c0,2018-04-09,SP,eletronicos,electronics,1,49.9,13.71,63.61,7
9ba3eb09,2018-04-10,PE,cool_stuff,cool_stuff,1,215.0,27.95,242.95,18
e32ebf13,2018-04-10,RS,utilidades_domesticas,housewares,1,113.89,23.38,137.27,6
2c49b133,2018-04-11,SP,bebes,baby,1,820.0,46.36,866.36,7
33209e0f,2018-04-11,SP,moveis_decoracao,furniture_decor,1,159.9,37.05,196.95,2
68005513,2018-04-11,SP,utilidades_domesticas,housewares,1,56.25,14.48,70.73,9
7ca0d45b,2018-04-11,SP,beleza_saude,health_beauty,1,59.9,8.64,68.54,12
ccbc6d72,2018-04-11,ES,cama_mesa_banho,bed_bath_table,2,138.0,46.12,184.12,19
6b1a7e1b,2018-04-11,BA,relogios_presentes,watches_gifts,1,65.0,22.16,87.16,15
1f8e7859,2018-04-11,SP,cama_mesa_banho,bed_bath_table,1,125.9,14.24,140.14,12
c118740a,2018-04-11,SP,cama_mesa_banho,bed_bath_table,1,56.99,13.76,70.75,8
5d4aa068,2018-04-11,SP,beleza_saude,health_beauty,1,330.0,10.07,340.07,5
49ec6dcd,2018-04-12,ES,telefonia,telephony,1,24.9,19.04,43.94,33
c60c3441,2018-04-12,SP,livros_interesse_geral,books_general_interest,1,23.0,18.23,41.23,12
3c8d31d8,2018-04-12,MG,esporte_lazer,sports_leisure,1,83.9,16.56,100.46,5
c8086b44,2018-04-12,MG,automotivo,auto,1,117.3,31.96,149.26,11
ee8dd407,2018-04-12,SP,eletronicos,electronics,1,13.65,8.29,21.94,6
20400ea6,2018-04-12,SP,sinalizacao_e_seguranca,signaling_and_security,1,17.1,12.79,29.89,7
f9ec88f4,2018-04-12,RS,automotivo,auto,1,109.9,23.31,133.21,18
f00cdb85,2018-04-12,AC,relogios_presentes,watches_gifts,1,29.0,27.41,56.41,23
87f5e3ce,2018-04-12,MG,beleza_saude,health_beauty,1,45.9,23.28,69.18,8
3a73856e,2018-04-12,RS,informatica_acessorios,computers_accessories,2,179.78,46.26,226.04,12
1995226c,2018-04-12,RS,eletroportateis,small_appliances,1,1449.0,27.07,1476.07,5
d6304be7,2018-04-12,SP,informatica_acessorios,computers_accessories,1,67.9,13.6,81.5,19
ce96e1f7,2018-04-13,SC,beleza_saude,health_beauty,1,101.5,23.29,124.79,10
260a8f34,2018-04-13,BA,brinquedos,toys,1,129.79,26.2,155.99,27
34bc0a0b,2018-04-13,SP,utilidades_domesticas,housewares,1,22.99,11.15,34.14,6
0ef8215c,2018-04-14,SP,beleza_saude,health_beauty,6,179.94,109.38,289.32,10
18a5254b,2018-04-14,RJ,esporte_lazer,sports_leisure,1,44.9,18.23,63.13,12
28a132c4,2018-04-14,SP,cama_mesa_banho,bed_bath_table,1,55.0,12.83,67.83,6
8976430d,2018-04-14,RJ,beleza_saude,health_beauty,1,120.0,23.38,143.38,6
22aaa02a,2018-04-15,BA,industria_comercio_e_negocios,industry_commerce_and_business,1,79.0,31.2,110.2,18
19431fe9,2018-04-15,MG,ferramentas_jardim,garden_tools,1,139.9,23.91,163.81,9
bc3551db,2018-04-15,RS,esporte_lazer,sports_leisure,1,149.9,23.59,173.49,4
5956fa21,2018-04-15,SP,brinquedos,toys,1,126.79,33.75,160.54,11
669d4be1,2018-04-15,RJ,cama_mesa_banho,bed_bath_table,2,108.17,39.77,147.94,10
75c7d5ad,2018-04-15,SP,beleza_saude,health_beauty,1,299.9,15.06,314.96,10
86040e96,2018-04-15,SP,automotivo,auto,1,19.9,7.39,27.29,4
b7d7bac5,2018-04-16,GO,cool_stuff,cool_stuff,1,189.9,19.21,209.11,19
0871bd17,2018-04-16,PR,moveis_decoracao,furniture_decor,2,258.1,29.96,288.06,7
897d07de,2018-04-16,SP,esporte_lazer,sports_leisure,1,19.99,13.71,33.7,4
2c836861,2018-04-16,PR,informatica_acessorios,computers_accessories,1,47.99,18.23,66.22,7
f607a3db,2018-04-16,PR,informatica_acessorios,computers_accessories,1,27.9,17.06,44.96,7
575467d9,2018-04-16,BA,beleza_saude,health_beauty,1,339.0,21.13,360.13,22
500ae586,2018-04-16,SP,informatica_acessorios,computers_accessories,1,119.0,17.6,136.6,8
f1e00063,2018-04-17,SP,esporte_lazer,sports_leisure,1,39.0,12.79,51.79,8
c2fc2e36,2018-04-17,DF,pet_shop,pet_shop,1,119.99,15.72,135.71,10
a31055f6,2018-04-17,BA,bebes,baby,1,99.49,17.41,116.9,18
b7276795,2018-04-17,PR,livros_interesse_geral,books_general_interest,1,39.9,18.23,58.13,20
8aad1f0c,2018-04-17,MG,bebes,baby,1,99.49,8.81,108.3,6
981cb417,2018-04-17,PR,informatica_acessorios,computers_accessories,1,143.36,18.88,162.24,9
469abd91,2018-04-17,SP,cama_mesa_banho,bed_bath_table,1,74.9,12.91,87.81,8
689a70a3,2018-04-17,SP,moveis_decoracao,furniture_decor,1,230.0,37.64,267.64,7
fd7b5df3,2018-04-17,MG,relogios_presentes,watches_gifts,1,87.67,17.19,104.86,22
e28abf2e,2018-04-17,SP,casa_construcao,home_construction,1,150.0,17.96,167.96,6
cf6216eb,2018-04-17,RJ,automotivo,auto,1,199.99,18.31,218.3,6
ac59aee9,2018-04-17,CE,construcao_ferramentas_construcao,construction_tools_construction,1,109.9,37.46,147.36,14
a7978940,2018-04-18,RS,automotivo,auto,3,450.0,70.89,520.89,8
6cad8647,2018-04-18,MG,consoles_games,consoles_games,1,167.0,19.05,186.05,16
c4a18d95,2018-04-18,RS,informatica_acessorios,computers_accessories,1,111.6,18.66,130.26,14
ec864a96,2018-04-18,RS,beleza_saude,health_beauty,1,55.49,18.27,73.76,9
37998721,2018-04-18,BA,ferramentas_jardim,garden_tools,1,53.9,0.0,53.9,36
19838cf5,2018-04-18,SP,pet_shop,pet_shop,1,49.9,12.43,62.33,10
9feb3124,2018-04-18,SP,informatica_acessorios,computers_accessories,1,67.9,13.6,81.5,9
455a06b2,2018-04-18,SP,beleza_saude,health_beauty,1,120.0,13.75,133.75,5
eed96448,2018-04-18,MT,informatica_acessorios,computers_accessories,1,119.0,25.31,144.31,23
961d9edd,2018-04-19,PE,informatica_acessorios,computers_accessories,1,149.9,9.78,159.68,2
4099e45f,2018-04-19,RJ,beleza_saude,health_beauty,1,45.9,23.28,69.18,5
840abd36,2018-04-19,SP,cama_mesa_banho,bed_bath_table,1,149.9,13.49,163.39,6
ffa2d919,2018-04-19,RS,esporte_lazer,sports_leisure,1,252.0,18.47,270.47,11
d6fc0def,2018-04-19,RJ,automotivo,auto,1,29.9,22.93,52.83,19
4d5f4d9f,2018-04-19,SP,ferramentas_jardim,garden_tools,1,319.9,22.28,342.18,4
86ca18fc,2018-04-19,SP,instrumentos_musicais,musical_instruments,1,83.9,11.21,95.11,5
eee612ad,2018-04-19,SP,informatica_acessorios,computers_accessories,1,180.0,9.56,189.56,5
ff947566,2018-04-19,SC,perfumaria,perfumery,1,37.9,16.32,54.22,10
081857a1,2018-04-19,MG,construcao_ferramentas_construcao,construction_tools_construction,1,42.5,19.95,62.45,12
499062ee,2018-04-20,SP,utilidades_domesticas,housewares,1,88.0,23.2,111.2,14
544f1ebc,2018-04-20,SP,construcao_ferramentas_iluminacao,construction_tools_lights,1,80.0,8.68,88.68,5
18a00857,2018-04-20,SP,relogios_presentes,watches_gifts,1,106.9,0.0,106.9,10
421b4ffa,2018-04-21,SP,instrumentos_musicais,musical_instruments,1,298.0,23.17,321.17,6
46bdd394,2018-04-22,CE,eletronicos,electronics,1,18.9,19.04,37.94,22
e6905b52,2018-04-22,CE,livros_interesse_geral,books_general_interest,1,334.9,44.4,379.3,10
9da52e96,2018-04-22,SP,papelaria,stationery,1,120.0,9.2,129.2,3
04ac671d,2018-04-22,SP,ferramentas_jardim,garden_tools,1,53.9,13.46,67.36,5
24b438f7,2018-04-23,SP,moveis_decoracao,furniture_decor,1,124.9,23.45,148.35,21
229d2824,2018-04-23,PE,instrumentos_musicais,musical_instruments,1,397.79,39.47,437.26,17
210be0ac,2018-04-23,PR,livros_interesse_geral,books_general_interest,1,17.45,18.23,35.68,10
cd9c0ba3,2018-04-23,SP,moveis_decoracao,furniture_decor,1,99.0,11.32,110.32,3
89cd76c2,2018-04-23,PR,eletronicos,electronics,1,109.9,58.63,168.53,4
08ba140d,2018-04-23,SP,cama_mesa_banho,bed_bath_table,1,89.0,13.06,102.06,4
86bc0881,2018-04-23,RJ,perfumaria,perfumery,1,228.0,19.48,247.48,7
80d90474,2018-04-23,PR,moveis_decoracao,furniture_decor,1,104.0,16.48,120.48,6
5914b571,2018-04-23,BA,cool_stuff,cool_stuff,1,169.99,22.29,192.28,21
a9325e83,2018-04-24,RJ,moveis_cozinha_area_de_servico_jantar_e_jardim,kitchen_dining_laundry_garden_furniture,1,449.9,194.64,644.54,9
bb01b380,2018-04-24,RJ,ferramentas_jardim,garden_tools,1,139.0,22.68,161.68,24
a05b04bd,2018-04-24,BA,esporte_lazer,sports_leisure,1,110.99,22.49,133.48,16
007bbb40,2018-04-24,SP,cama_mesa_banho,bed_bath_table,1,148.9,13.95,162.85,2
63f6e76a,2018-04-24,PR,esporte_lazer,sports_leisure,1,74.99,12.67,87.66,10
8192fd72,2018-04-24,RJ,relogios_presentes,watches_gifts,1,29.9,19.32,49.22,2
ccfcb4ca,2018-04-24,RJ,bebes,baby,1,99.49,15.58,115.07,13
90ee8b2a,2018-04-24,SP,papelaria,stationery,1,45.9,9.26,55.16,1
1efe916e,2018-04-24,AL,eletrodomesticos_2,home_appliances_2,1,750.0,106.89,856.89,16
bbfcb9e2,2018-04-24,MS,relogios_presentes,watches_gifts,2,215.8,26.76,242.56,14
2ba265d6,2018-04-24,SP,utilidades_domesticas,housewares,1,89.0,20.67,109.67,5
dac5565e,2018-04-24,SC,beleza_saude,health_beauty,1,119.99,62.87,182.86,13
d245b7d8,2018-04-24,SP,informatica_acessorios,computers_accessories,1,31.9,15.23,47.13,12
f9fef5fa,2018-04-25,BA,pet_shop,pet_shop,1,149.99,19.74,169.73,19
a37057df,2018-04-25,SC,artes,art,1,99.99,23.28,123.27,8
9e2d7c69,2018-04-25,MS,pet_shop,pet_shop,1,92.5,18.53,111.03,14
03c16ffc,2018-04-25,SP,informatica_acessorios,computers_accessories,2,127.98,22.3,150.28,2
bb7cf7d6,2018-04-25,SE,beleza_saude,health_beauty,1,199.89,27.95,227.84,20
a7e7febe,2018-04-25,SP,agro_industria_e_comercio,agro_industry_and_commerce,1,228.0,16.48,244.48,12
1ff7d1a8,2018-04-25,RJ,relogios_presentes,watches_gifts,1,279.0,16.83,295.83,9
1de8f07a,2018-04-26,MG,utilidades_domesticas,housewares,1,299.99,21.09,321.08,8
12780895,2018-04-26,CE,informatica_acessorios,computers_accessories,1,46.99,19.04,66.03,27
bdf2b821,2018-04-26,PI,climatizacao,air_conditioning,1,139.0,82.82,221.82,14
055881c8,2018-04-26,SP,livros_tecnicos,books_technical,1,39.9,8.29,48.19,3
d0c8f9db,2018-04-27,SP,alimentos,food,1,27.9,7.39,35.29,3
c1ff6547,2018-04-27,GO,ferramentas_jardim,garden_tools,3,161.7,48.21,209.91,13
4b257c5e,2018-04-27,SP,cama_mesa_banho,bed_bath_table,1,299.0,14.53,313.53,6
2850436e,2018-04-27,SP,sinalizacao_e_seguranca,signaling_and_security,2,59.0,30.76,89.76,6
b8ea12eb,2018-04-27,SC,relogios_presentes,watches_gifts,1,117.9,0.0,117.9,19
1ed3c7f0,2018-04-27,RJ,esporte_lazer,sports_leisure,2,484.0,42.84,526.84,16
9802c806,2018-04-28,GO,utilidades_domesticas,housewares,1,199.99,28.13,228.12,10
17eebf32,2018-04-28,SP,relogios_presentes,watches_gifts,1,29.0,7.39,36.39,4
e3f86830,2018-04-28,SP,relogios_presentes,watches_gifts,1,143.0,13.44,156.44,11
c2e23837,2018-04-28,MG,ferramentas_jardim,garden_tools,1,9.9,18.23,28.13,13
1b7926da,2018-04-28,PR,beleza_saude,health_beauty,1,149.65,18.93,168.58,12
9c07c610,2018-04-29,BA,utilidades_domesticas,housewares,1,299.99,37.24,337.23,17
8154be10,2018-04-29,RS,cama_mesa_banho,bed_bath_table,1,60.5,23.0,83.5,10
0b7ca56d,2018-04-29,SP,utilidades_domesticas,housewares,1,30.0,14.44,44.44,5
2f669a35,2018-04-29,RS,relogios_presentes,watches_gifts,1,199.0,0.0,199.0,9
524ea042,2018-04-29,SP,sinalizacao_e_seguranca,signaling_and_security,1,28.3,8.29,36.59,2
d95df03b,2018-04-30,SP,moveis_decoracao,furniture_decor,1,37.9,15.23,53.13,7
b6b9f514,2018-04-30,MG,perfumaria,perfumery,2,47.8,36.46,84.26,14
f66b2f5f,2018-04-30,PR,moveis_decoracao,furniture_decor,1,99.9,18.53,118.43,7
33c6c0bb,2018-04-30,MG,ferramentas_jardim,garden_tools,1,127.27,18.77,146.04,8
effeb0c3,2018-04-30,SC,ferramentas_jardim,garden_tools,1,379.0,17.66,396.66,3
963dd4dc,2018-04-30,CE,relogios_presentes,watches_gifts,1,99.9,0.0,99.9,20
f875abf3,2018-04-30,RS,pet_shop,pet_shop,1,48.9,18.23,67.13,13
d3e80887,2018-05-01,RS,artigos_de_natal,christmas_supplies,1,67.2,23.05,90.25,17
bc3ec72d,2018-05-01,SP,industria_comercio_e_negocios,industry_commerce_and_business,1,110.0,9.12,119.12,5
dd38c566,2018-05-01,SP,informatica_acessorios,computers_accessories,1,34.99,7.39,42.38,2
666361dc,2018-05-01,SP,informatica_acessorios,computers_accessories,1,19.9,12.79,32.69,7
0e8442ca,2018-05-01,PR,livros_interesse_geral,books_general_interest,1,59.99,16.39,76.38,8
f9068fc0,2018-05-01,SP,pet_shop,pet_shop,1,399.0,17.64,416.64,9
a5102272,2018-05-02,SP,papelaria,stationery,1,89.9,19.6,109.5,8
e4b20309,2018-05-02,SC,moveis_escritorio,office_furniture,1,129.0,124.07,253.07,16
5d918918,2018-05-02,RJ,bebes,baby,1,99.49,15.58,115.07,9
d206bed7,2018-05-02,RS,bebes,baby,1,79.9,20.99,100.89,16
96a35cb0,2018-05-02,SP,utilidades_domesticas,housewares,1,94.9,18.24,113.14,5
42b4cc62,2018-05-02,SP,moveis_sala,furniture_living_room,1,139.9,21.37,161.27,6
1801188a,2018-05-02,MG,ferramentas_jardim,garden_tools,1,53.9,16.07,69.97,13
a1617ff5,2018-05-02,MG,moveis_decoracao,furniture_decor,1,69.9,0.0,69.9,11
426cb887,2018-05-02,RJ,climatizacao,air_conditioning,1,34.9,22.06,56.96,8
e94d8ace,2018-05-03,SP,moveis_decoracao,furniture_decor,1,70.0,11.15,81.15,4
8bf69569,2018-05-03,SP,relogios_presentes,watches_gifts,1,99.9,0.0,99.9,12
9f860e39,2018-05-03,RS,bebes,baby,1,50.0,39.32,89.32,9
eef2a734,2018-05-03,GO,ferramentas_jardim,garden_tools,2,107.8,32.14,139.94,14
93aa1607,2018-05-03,SP,relogios_presentes,watches_gifts,1,78.0,12.99,90.99,6
ecb4506f,2018-05-03,PA,ferramentas_jardim,garden_tools,3,161.7,59.42,221.12,47
415056cb,2018-05-03,MG,utilidades_domesticas,housewares,1,39.8,19.32,59.12,11
d26c076e,2018-05-03,MG,moveis_decoracao,furniture_decor,1,49.7,42.93,92.63,14
9f2fe235,2018-05-03,SP,perfumaria,perfumery,2,119.8,32.78,152.58,6
9369e6a8,2018-05-04,BA,papelaria,stationery,1,78.45,19.95,98.4,10
85eef2d3,2018-05-04,PR,utilidades_domesticas,housewares,1,79.9,19.53,99.43,7
0e04c5cc,2018-05-04,MG,pet_shop,pet_shop,1,139.99,23.56,163.55,5
130ad13d,2018-05-04,RJ,utilidades_domesticas,housewares,2,54.7,34.54,89.24,17
c87482c7,2018-05-05,SP,moveis_decoracao,furniture_decor,3,130.0,37.17,167.17,4
21c67b5e,2018-05-05,SP,bebes,baby,1,119.9,42.7,162.6,6
bb95c9f5,2018-05-05,SP,beleza_saude,health_beauty,1,144.0,15.1,159.1,9
41a6e516,2018-05-05,MG,relogios_presentes,watches_gifts,1,110.0,0.0,110.0,10
7e3766d4,2018-05-05,CE,consoles_games,consoles_games,1,149.99,39.1,189.09,12
ea696771,2018-05-05,SP,beleza_saude,health_beauty,1,152.0,9.45,161.45,6
7b467ec5,2018-05-05,SP,bebidas,drinks,1,58.0,12.85,70.85,3
3ed807f1,2018-05-05,SP,beleza_saude,health_beauty,1,499.9,11.85,511.75,3
5defa702,2018-05-06,RJ,relogios_presentes,watches_gifts,1,199.0,0.0,199.0,15
3311d988,2018-05-06,DF,bebes,baby,1,39.5,18.23,57.73,9
c844fe47,2018-05-06,SP,beleza_saude,health_beauty,2,143.8,15.74,159.54,2
73006242,2018-05-06,SP,automotivo,auto,1,79.98,16.43,96.41,16
37f608e1,2018-05-06,MG,consoles_games,consoles_games,1,36.2,12.76,48.96,8
e357bd17,2018-05-06,SP,eletronicos,electronics,1,72.0,32.43,104.43,3
49287801,2018-05-07,SP,beleza_saude,health_beauty,1,106.0,11.37,117.37,7
53279ed2,2018-05-07,SP,consoles_games,consoles_games,1,79.0,18.43,97.43,4
1a3fb0eb,2018-05-07,GO,utilidades_domesticas,housewares,1,159.49,49.78,209.27,11
f0dd7f3e,2018-05-07,SC,portateis_casa_forno_e_cafe,small_appliances_home_oven_and_coffee,1,858.9,27.09,885.99,10
40083670,2018-05-07,ES,beleza_saude,health_beauty,1,14.49,18.23,32.72,9
4ec9ed34,2018-05-07,BA,eletronicos,electronics,1,19.9,17.06,36.96,13
620e41d6,2018-05-07,SP,papelaria,stationery,1,118.5,10.45,128.95,11
f9b975e6,2018-05-07,DF,moveis_decoracao,furniture_decor,1,179.9,47.7,227.6,13
2cacbc4d,2018-05-07,SP,relogios_presentes,watches_gifts,1,99.9,0.0,99.9,7
c0d9cb07,2018-05-07,SP,moveis_decoracao,furniture_decor,2,80.0,22.3,102.3,4
98dcdfa3,2018-05-07,MA,beleza_saude,health_beauty,1,72.99,11.86,84.85,4
b787106d,2018-05-07,RJ,agro_industria_e_comercio,agro_industry_and_commerce,1,269.9,24.43,294.33,16
836f8d90,2018-05-07,SP,instrumentos_musicais,musical_instruments,1,55.0,11.15,66.15,2
3f3913e8,2018-05-07,DF,brinquedos,toys,1,44.9,10.66,55.56,9
f26bbe1b,2018-05-07,SP,utilidades_domesticas,housewares,1,35.0,7.39,42.39,2
a662d10f,2018-05-08,SP,relogios_presentes,watches_gifts,1,139.5,13.42,152.92,3
019bdbae,2018-05-08,SC,moveis_decoracao,furniture_decor,2,70.0,38.64,108.64,10
68b52c86,2018-05-08,RJ,cool_stuff,cool_stuff,1,131.99,11.82,143.81,8
4dba5096,2018-05-08,RJ,esporte_lazer,sports_leisure,1,59.0,16.38,75.38,7
cef25673,2018-05-08,SP,relogios_presentes,watches_gifts,1,230.0,14.05,244.05,8
cd1fd3d0,2018-05-08,CE,papelaria,stationery,1,119.0,19.52,138.52,15
a5db4dda,2018-05-08,SP,beleza_saude,health_beauty,1,110.0,8.53,118.53,3
660a7ffb,2018-05-08,SP,beleza_saude,health_beauty,1,110.32,7.64,117.96,3
28e45842,2018-05-08,RJ,utilidades_domesticas,housewares,1,29.9,18.23,48.13,6
9c60d345,2018-05-08,ES,relogios_presentes,watches_gifts,1,199.0,0.0,199.0,21
92ce98dd,2018-05-08,RS,esporte_lazer,sports_leisure,1,990.0,67.88,1057.88,8
ccb8a2df,2018-05-08,RJ,beleza_saude,health_beauty,1,24.9,15.23,40.13,15
91cb837e,2018-05-08,ES,beleza_saude,health_beauty,1,64.99,15.61,80.6,34
4636f82a,2018-05-08,RJ,brinquedos,toys,1,90.0,19.6,109.6,6
1ea65cec,2018-05-08,RJ,esporte_lazer,sports_leisure,1,35.0,15.23,50.23,20
099d60cb,2018-05-08,SP,malas_acessorios,luggage_accessories,1,219.9,104.73,324.63,6
1c860166,2018-05-08,RJ,beleza_saude,health_beauty,1,119.9,9.75,129.65,1
91fbfca0,2018-05-09,PR,cama_mesa_banho,bed_bath_table,1,19.9,18.23,38.13,9
fd064b8e,2018-05-09,SP,bebes,baby,1,32.98,12.79,45.77,5
2cd2c33c,2018-05-09,MG,instrumentos_musicais,musical_instruments,1,66.9,13.83,80.73,7
8775db02,2018-05-09,SP,telefonia,telephony,1,114.9,13.24,128.14,6
4da1c407,2018-05-09,SP,livros_tecnicos,books_technical,1,57.89,10.29,68.18,29
7fccb4a8,2018-05-09,DF,brinquedos,toys,1,46.99,15.23,62.22,4
45c234fb,2018-05-09,MG,construcao_ferramentas_construcao,construction_tools_construction,1,109.9,18.65,128.55,6
707ce8d2,2018-05-09,RJ,automotivo,auto,1,39.99,18.23,58.22,11
88822075,2018-05-09,SC,informatica_acessorios,computers_accessories,1,110.0,19.74,129.74,7
940fe99b,2018-05-09,AP,utilidades_domesticas,housewares,1,130.0,16.2,146.2,20
64936625,2018-05-10,MT,eletronicos,electronics,1,19.9,37.04,56.94,27
89ef28c9,2018-05-10,SC,beleza_saude,health_beauty,1,330.0,16.76,346.76,13
7cb8c91a,2018-05-10,SP,esporte_lazer,sports_leisure,1,59.9,14.5,74.4,17
ad0ae09a,2018-05-10,SP,artes,art,1,99.99,12.03,112.02,7
44349f95,2018-05-10,DF,relogios_presentes,watches_gifts,1,135.0,10.6,145.6,13
affeacf7,2018-05-10,RJ,automotivo,auto,1,98.7,18.57,117.27,8
f9847bf9,2018-05-10,RJ,cama_mesa_banho,bed_bath_table,1,125.9,13.3,139.2,12
e124baaf,2018-05-10,SP,perfumaria,perfumery,1,117.4,18.7,136.1,6
ef550f62,2018-05-11,MG,papelaria,stationery,1,49.0,15.23,64.23,10
c3cbb503,2018-05-11,SP,utilidades_domesticas,housewares,1,109.9,18.65,128.55,5
4911bfcd,2018-05-11,SP,casa_construcao,home_construction,2,449.8,38.9,488.7,10
ae820ecd,2018-05-11,PR,relogios_presentes,watches_gifts,1,142.0,18.87,160.87,11
d53bb163,2018-05-11,PI,esporte_lazer,sports_leisure,1,59.9,62.45,122.35,12
6dd9fde7,2018-05-11,MG,utilidades_domesticas,housewares,1,133.9,15.79,149.69,6
75acfc4e,2018-05-11,PE,esporte_lazer,sports_leisure,1,138.0,43.03,181.03,26
3b85cb67,2018-05-12,MT,informatica_acessorios,computers_accessories,1,119.0,84.38,203.38,23
96483030,2018-05-12,CE,moveis_decoracao,furniture_decor,1,69.9,19.18,89.08,18
a26767d7,2018-05-12,MG,informatica_acessorios,computers_accessories,1,35.9,8.64,44.54,13
22fe4109,2018-05-12,RJ,relogios_presentes,watches_gifts,1,29.0,15.23,44.23,11
57217ef7,2018-05-12,MG,ferramentas_jardim,garden_tools,1,39.5,18.23,57.73,11
e7b531a9,2018-05-12,DF,automotivo,auto,1,559.0,88.0,647.0,6
d2d302e8,2018-05-13,SP,esporte_lazer,sports_leisure,1,210.0,14.83,224.83,5
b388b6a3,2018-05-13,RJ,relogios_presentes,watches_gifts,2,58.0,30.46,88.46,5
8f21638f,2018-05-13,SP,relogios_presentes,watches_gifts,1,229.0,10.96,239.96,4
412e22f7,2018-05-14,SP,cama_mesa_banho,bed_bath_table,1,32.9,13.71,46.61,7
e7db8e72,2018-05-14,SP,construcao_ferramentas_seguranca,construction_tools_safety,1,25.0,7.39,32.39,9
0283a5f1,2018-05-14,PR,moveis_decoracao,furniture_decor,1,230.0,75.01,305.01,9
592f7e61,2018-05-14,SP,beleza_saude,health_beauty,1,23.99,7.39,31.38,3
d47e5fbb,2018-05-14,SP,moveis_decoracao,furniture_decor,2,81.8,17.76,99.56,2
d9c24372,2018-05-14,ES,consoles_games,consoles_games,1,54.99,18.26,73.25,7
47073fb1,2018-05-14,MG,perfumaria,perfumery,1,519.0,16.07,535.07,17
2a4a59ba,2018-05-15,SP,beleza_saude,health_beauty,1,24.9,8.29,33.19,1
c3e06da7,2018-05-15,SP,automotivo,auto,1,249.9,8.61,258.51,18
25b7ed92,2018-05-15,SP,pet_shop,pet_shop,1,34.26,8.88,43.14,2
ac29dc20,2018-05-15,MT,utilidades_domesticas,housewares,1,79.0,55.98,134.98,10
c1307860,2018-05-15,DF,cama_mesa_banho,bed_bath_table,1,38.9,18.23,57.13,27
2ce4f2ad,2018-05-15,GO,automotivo,auto,1,17.99,18.23,36.22,8
29c30498,2018-05-15,SP,esporte_lazer,sports_leisure,1,180.0,19.14,199.14,5
3a48b557,2018-05-16,MG,eletrodomesticos,home_appliances,1,46.75,18.23,64.98,16
18234838,2018-05-16,GO,perfumaria,perfumery,1,117.4,22.53,139.93,22
2aebac06,2018-05-16,PE,utilidades_domesticas,housewares,1,50.0,20.4,70.4,20
4836de5d,2018-05-16,SP,malas_acessorios,luggage_accessories,1,35.95,14.43,50.38,6
aa8f6d56,2018-05-16,SP,esporte_lazer,sports_leisure,1,33.49,7.87,41.36,2
4641eadf,2018-05-16,PR,esporte_lazer,sports_leisure,1,45.0,18.23,63.23,20
a67da159,2018-05-16,MS,brinquedos,toys,1,379.99,93.37,473.36,6
88116b01,2018-05-16,MG,eletronicos,electronics,4,479.96,62.88,542.84,18
ab5cbb59,2018-05-16,SP,utilidades_domesticas,housewares,1,59.0,14.5,73.5,6
9075ecab,2018-05-16,RJ,cama_mesa_banho,bed_bath_table,1,32.99,22.93,55.92,21
39b9c680,2018-05-16,RJ,esporte_lazer,sports_leisure,1,82.99,15.46,98.45,12
bc3fdb57,2018-05-16,MG,cama_mesa_banho,bed_bath_table,2,572.8,254.5,827.3,15
515ad53b,2018-05-17,SP,beleza_saude,health_beauty,1,79.0,15.43,94.43,20
aa7b6f13,2018-05-17,SP,moveis_decoracao,furniture_decor,1,124.9,43.45,168.35,22
292d3c40,2018-05-17,DF,automotivo,auto,1,123.8,36.84,160.64,15
2cbc30cc,2018-05-17,RJ,beleza_saude,health_beauty,1,129.9,17.62,147.52,18
05e756a9,2018-05-17,SP,esporte_lazer,sports_leisure,1,68.9,12.92,81.82,21
2a1c6a56,2018-05-17,SP,automotivo,auto,1,59.9,14.51,74.41,7
20488170,2018-05-17,SP,relogios_presentes,watches_gifts,1,127.0,17.8,144.8,7
3598d587,2018-05-17,ES,moveis_decoracao,furniture_decor,1,45.0,19.32,64.32,20
2bdda5cf,2018-05-17,SP,eletronicos,electronics,1,12.9,7.39,20.29,4
cbaae469,2018-05-18,RJ,moveis_decoracao,furniture_decor,1,70.0,21.57,91.57,20
28d14a9f,2018-05-18,SP,perfumaria,perfumery,1,70.9,17.21,88.11,7
569845b2,2018-05-18,SP,ferramentas_jardim,garden_tools,4,215.6,32.44,248.04,5
24991dc7,2018-05-18,SP,eletrodomesticos,home_appliances,1,120.0,8.19,128.19,4
e540d00f,2018-05-19,BA,utilidades_domesticas,housewares,1,97.0,27.41,124.41,18
0753ba05,2018-05-19,MA,relogios_presentes,watches_gifts,2,98.0,45.7,143.7,19
df2a882d,2018-05-19,SP,relogios_presentes,watches_gifts,1,99.0,6.57,105.57,16
ce2b7427,2018-05-19,RJ,telefonia,telephony,1,27.99,15.23,43.22,19
39dec6d6,2018-05-20,SP,beleza_saude,health_beauty,3,87.0,22.17,109.17,12
01f80c40,2018-05-20,SP,utilidades_domesticas,housewares,1,113.89,23.38,137.27,12
5510c1ad,2018-05-20,PR,beleza_saude,health_beauty,1,46.4,15.23,61.63,25
3c69e470,2018-05-20,SP,eletronicos,electronics,1,12.9,7.39,20.29,1
331f9dfb,2018-05-21,SP,pet_shop,pet_shop,1,299.99,16.98,316.97,14
815bed81,2018-05-21,SC,relogios_presentes,watches_gifts,1,124.9,15.75,140.65,29
1133f2df,2018-05-21,PR,fashion_bolsas_e_acessorios,fashion_bags_accessories,1,34.99,18.23,53.22,18
c535905a,2018-05-21,PR,utilidades_domesticas,housewares,1,84.0,18.17,102.17,16
058ac520,2018-05-21,MS,telefonia,telephony,1,24.99,15.23,40.22,14
ea3925cb,2018-05-22,SP,beleza_saude,health_beauty,2,59.8,16.35,76.15,3
b976379b,2018-05-22,SP,livros_importados,books_imported,1,18.99,7.39,26.38,1
7f1a6192,2018-05-22,SP,relogios_presentes,watches_gifts,1,689.0,88.68,777.68,14
4887f9be,2018-05-22,MG,moveis_decoracao,furniture_decor,1,99.9,18.75,118.65,16
6ddb004a,2018-05-23,AL,moveis_escritorio,office_furniture,1,156.94,61.58,218.52,36
2c63e270,2018-05-23,CE,bebes,baby,1,99.49,16.47,115.96,3
1a2f6c09,2018-05-23,SP,livros_tecnicos,books_technical,1,57.89,11.15,69.04,10
42c2b836,2018-05-23,MG,informatica_acessorios,computers_accessories,1,38.9,7.71,46.61,9
30e92c30,2018-05-23,RS,papelaria,stationery,1,25.73,23.28,49.01,16
c4be264e,2018-05-24,SP,industria_comercio_e_negocios,industry_commerce_and_business,1,110.0,15.67,125.67,5
b2f4d617,2018-05-24,SP,automotivo,auto,1,27.9,7.87,35.77,5
e11fec6c,2018-05-25,SP,construcao_ferramentas_construcao,construction_tools_construction,1,1970.0,25.69,1995.69,4
2d089d0a,2018-05-25,SP,moveis_decoracao,furniture_decor,2,200.0,32.08,232.08,5
1a2582ca,2018-05-26,PE,moveis_decoracao,furniture_decor,1,69.9,0.0,69.9,14
b4c5ff80,2018-05-26,MG,utilidades_domesticas,housewares,1,219.97,45.19,265.16,19
370cfb42,2018-05-26,SP,cama_mesa_banho,bed_bath_table,1,89.0,13.98,102.98,17
53edac1a,2018-05-26,RN,utilidades_domesticas,housewares,1,59.99,22.92,82.91,19
5f42573c,2018-05-26,RJ,relogios_presentes,watches_gifts,3,59.97,45.69,105.66,5
7733c820,2018-05-26,SP,utilidades_domesticas,housewares,1,132.0,19.89,151.89,11
742d862c,2018-05-27,SP,cama_mesa_banho,bed_bath_table,1,39.0,12.79,51.79,11
43d5113f,2018-05-28,SP,cama_mesa_banho,bed_bath_table,1,199.9,13.84,213.74,9
02d27326,2018-05-28,DF,moveis_decoracao,furniture_decor,2,190.0,31.16,221.16,15
1f18d613,2018-05-29,PR,ferramentas_jardim,garden_tools,1,49.9,19.32,69.22,14
089f9bfe,2018-05-29,SP,eletronicos,electronics,1,119.99,7.7,127.69,3
77a80305,2018-05-29,SP,utilidades_domesticas,housewares,1,149.97,18.63,168.6,15
7c455f1b,2018-05-29,SP,esporte_lazer,sports_leisure,1,179.9,37.19,217.09,15
ddc6faf8,2018-05-29,PR,esporte_lazer,sports_leisure,1,43.0,18.23,61.23,17
fd146e19,2018-05-29,SP,ferramentas_jardim,garden_tools,1,229.0,16.48,245.48,11
19c6c110,2018-05-30,RN,telefonia,telephony,1,27.99,50.85,78.84,16
0a65a879,2018-05-30,SP,casa_construcao,home_construction,1,150.0,17.86,167.86,6
5bd56b59,2018-05-30,GO,esporte_lazer,sports_leisure,1,124.9,27.42,152.32,19
7b08446d,2018-05-30,PA,cool_stuff,cool_stuff,1,157.0,37.79,194.79,19
57323a7f,2018-05-30,SP,beleza_saude,health_beauty,1,39.89,8.88,48.77,13
0807e383,2018-05-30,SP,perfumaria,perfumery,1,264.5,10.21,274.71,8
7f67aa0d,2018-05-31,RJ,construcao_ferramentas_jardim,costruction_tools_garden,1,98.9,9.61,108.51,6
a92cb0df,2018-05-31,SP,relogios_presentes,watches_gifts,1,159.9,13.56,173.46,3
c7091021,2018-05-31,SP,relogios_presentes,watches_gifts,1,227.9,8.46,236.36,25
e11041ba,2018-06-01,BA,cama_mesa_banho,bed_bath_table,1,99.97,23.63,123.6,12
b2e66035,2018-06-01,RJ,automotivo,auto,1,27.9,18.23,46.13,11
3ba44346,2018-06-01,SP,utilidades_domesticas,housewares,2,627.8,32.58,660.38,7
96d47585,2018-06-01,RS,papelaria,stationery,2,97.3,36.59,133.89,11
e852413a,2018-06-01,SP,relogios_presentes,watches_gifts,1,78.0,12.99,90.99,7
2ef78d4b,2018-06-01,BA,relogios_presentes,watches_gifts,1,809.0,22.37,831.37,12
62208055,2018-06-01,SP,utilidades_domesticas,housewares,1,180.0,17.14,197.14,6
f6159576,2018-06-01,SP,cool_stuff,cool_stuff,1,89.99,11.25,101.24,5
7bfe0fc4,2018-06-01,RS,construcao_ferramentas_construcao,construction_tools_construction,1,25.0,18.23,43.23,13
17716d25,2018-06-01,BA,telefonia,telephony,1,24.99,22.06,47.05,16
7b8cdadf,2018-06-02,SP,automotivo,auto,3,180.0,61.71,241.71,3
fee76720,2018-06-02,SP,pet_shop,pet_shop,1,249.99,16.63,266.62,9
eef98923,2018-06-02,PR,moveis_decoracao,furniture_decor,2,70.0,32.64,102.64,16
2aee7258,2018-06-02,PE,relogios_presentes,watches_gifts,1,349.99,22.5,372.49,15
90fc6b43,2018-06-02,SP,pet_shop,pet_shop,1,134.9,23.52,158.42,11
75f377de,2018-06-02,RJ,cool_stuff,cool_stuff,1,89.99,18.21,108.2,12
72aeedf3,2018-06-03,PR,beleza_saude,health_beauty,1,66.99,60.53,127.52,16
3cbf16b8,2018-06-03,PR,brinquedos,toys,1,4.9,15.23,20.13,12
c2ca5bb3,2018-06-03,SP,beleza_saude,health_beauty,1,48.9,12.79,61.69,4
cc8978e7,2018-06-04,RJ,bebidas,drinks,1,167.5,48.0,215.5,4
29bf476a,2018-06-04,PR,moveis_decoracao,furniture_decor,1,120.0,18.72,138.72,7
182499c9,2018-06-04,SP,beleza_saude,health_beauty,1,141.9,19.96,161.86,3
0508c1d4,2018-06-04,ES,relogios_presentes,watches_gifts,1,159.9,19.0,178.9,15
5103a337,2018-06-04,PR,papelaria,stationery,1,99.0,26.77,125.77,7
5a90df64,2018-06-04,MG,cama_mesa_banho,bed_bath_table,1,89.0,18.5,107.5,16
3dd1232f,2018-06-04,SP,bebes,baby,1,147.99,9.33,157.32,1
54b189d5,2018-06-04,SP,perfumaria,perfumery,1,117.4,16.79,134.19,9
43704b87,2018-06-04,SP,moveis_escritorio,office_furniture,1,139.98,56.91,196.89,8
5e724a9b,2018-06-05,SP,beleza_saude,health_beauty,2,220.64,26.42,247.06,3
27f4eecc,2018-06-05,SP,esporte_lazer,sports_leisure,1,139.9,21.4,161.3,7
667c9677,2018-06-05,PR,pet_shop,pet_shop,1,79.9,15.41,95.31,7
6c8c2eaa,2018-06-05,AM,beleza_saude,health_beauty,4,169.2,91.4,260.6,28
27f34f79,2018-06-05,CE,fashion_bolsas_e_acessorios,fashion_bags_accessories,1,59.0,19.1,78.1,16
4d9d469f,2018-06-05,RJ,moveis_decoracao,furniture_decor,2,229.8,74.42,304.22,7
9e02c4c7,2018-06-06,SP,beleza_saude,health_beauty,1,14.49,7.87,22.36,5
0132fef0,2018-06-06,SP,informatica_acessorios,computers_accessories,1,67.99,8.88,76.87,1
f75666bf,2018-06-06,GO,cama_mesa_banho,bed_bath_table,1,44.8,52.48,97.28,9
f481e2c2,2018-06-06,PR,utilidades_domesticas,housewares,5,60.45,91.15,151.6,7
6e645024,2018-06-06,SP,esporte_lazer,sports_leisure,1,39.99,8.88,48.87,2
e0a7b1be,2018-06-07,SP,perfumaria,perfumery,1,349.9,20.33,370.23,9
febbb5a0,2018-06-07,BA,fashion_bolsas_e_acessorios,fashion_bags_accessories,1,69.0,17.19,86.19,20
dcb36b51,2018-06-07,GO,perfumaria,perfumery,1,132.4,14.05,146.45,13
2d7aa84a,2018-06-08,PA,relogios_presentes,watches_gifts,1,357.0,39.19,396.19,14
8d40f6ae,2018-06-08,PR,papelaria,stationery,1,169.0,19.06,188.06,12
b6e0e6fd,2018-06-08,RJ,brinquedos,toys,1,59.99,19.39,79.38,7
516e3648,2018-06-08,PR,malas_acessorios,luggage_accessories,1,115.99,15.66,131.65,4
e6ababa4,2018-06-08,RS,ferramentas_jardim,garden_tools,1,99.0,26.77,125.77,12
ebadd982,2018-06-08,SP,livros_tecnicos,books_technical,1,35.0,8.88,43.88,4
082d9e61,2018-06-08,RJ,informatica_acessorios,computers_accessories,4,790.0,157.72,947.72,10
fe11b81a,2018-06-08,SP,automotivo,auto,1,139.9,24.37,164.27,6
13f71b34,2018-06-09,SP,papelaria,stationery,1,8.7,7.39,16.09,5
6513ea5b,2018-06-09,GO,papelaria,stationery,1,78.0,18.43,96.43,8
c8bb4240,2018-06-09,BA,esporte_lazer,sports_leisure,1,104.9,17.44,122.34,9
0505a29e,2018-06-10,CE,beleza_saude,health_beauty,1,99.9,42.76,142.66,19
0045f522,2018-06-10,MG,automotivo,auto,1,94.9,15.51,110.41,8
f90185ee,2018-06-10,SP,papelaria,stationery,1,78.0,7.41,85.41,2
3ccf4608,2018-06-10,RJ,beleza_saude,health_beauty,1,33.8,15.23,49.03,8
a14d7576,2018-06-10,RJ,informatica_acessorios,computers_accessories,1,149.9,21.1,171.0,8
32b72e8b,2018-06-10,SP,cama_mesa_banho,bed_bath_table,1,45.0,13.71,58.71,8
47ced0a7,2018-06-10,SP,utilidades_domesticas,housewares,2,47.8,15.42,63.22,3
59d03af4,2018-06-10,RN,beleza_saude,health_beauty,1,110.0,24.9,134.9,10
893233a6,2018-06-10,SP,utilidades_domesticas,housewares,1,449.0,39.14,488.14,11
be3516cf,2018-06-11,PE,esporte_lazer,sports_leisure,1,39.0,20.4,59.4,12
6d9cc2a7,2018-06-11,RS,papelaria,stationery,1,120.0,15.94,135.94,8
4e74f6c3,2018-06-11,SP,informatica_acessorios,computers_accessories,1,46.99,8.49,55.48,2
1aa9e8f3,2018-06-11,MG,cama_mesa_banho,bed_bath_table,3,239.7,70.08,309.78,7
b6f0a8d0,2018-06-11,SP,artes,art,1,99.9,12.43,112.33,7
4bbd33a0,2018-06-12,PE,papelaria,stationery,1,49.99,24.7,74.69,14
7af70833,2018-06-12,RS,esporte_lazer,sports_leisure,1,124.9,17.06,141.96,10
0ec1e92b,2018-06-12,MG,beleza_saude,health_beauty,1,199.9,24.2,224.1,9
9951333a,2018-06-12,SP,utilidades_domesticas,housewares,1,122.0,10.16,132.16,8
167b62d7,2018-06-12,BA,esporte_lazer,sports_leisure,1,125.0,47.93,172.93,14
780a9cc0,2018-06-12,SP,esporte_lazer,sports_leisure,1,259.0,19.91,278.91,6
774039c8,2018-06-13,SP,papelaria,stationery,1,34.08,8.4,42.48,8
c63d42ea,2018-06-13,SP,beleza_saude,health_beauty,1,79.99,13.22,93.21,5
093c11a6,2018-06-13,PE,beleza_saude,health_beauty,2,728.0,69.38,797.38,9
5c8ce05c,2018-06-13,MT,telefonia,telephony,1,27.99,22.13,50.12,13
b2b7d1ff,2018-06-13,MG,cama_mesa_banho,bed_bath_table,1,71.9,23.3,95.2,7
edd3d749,2018-06-13,RJ,papelaria,stationery,1,79.8,16.75,96.55,6
f30e7452,2018-06-14,SP,relogios_presentes,watches_gifts,1,105.0,16.93,121.93,11
bb18e3fd,2018-06-14,SP,moveis_decoracao,furniture_decor,2,331.9,72.38,404.28,5
a6ac4552,2018-06-14,SP,beleza_saude,health_beauty,1,22.7,13.74,36.44,5
21068b8e,2018-06-14,RO,malas_acessorios,luggage_accessories,1,169.9,61.47,231.37,12
ebdd8f60,2018-06-14,BA,brinquedos,toys,1,109.8,23.92,133.72,21
503c7d5d,2018-06-15,RJ,utilidades_domesticas,housewares,1,126.0,89.55,215.55,4
2c3c10e3,2018-06-15,SP,sinalizacao_e_seguranca,signaling_and_security,1,135.0,32.74,167.74,5
057889a9,2018-06-15,SP,moveis_decoracao,furniture_decor,1,69.9,35.34,105.24,11
fc667982,2018-06-15,SP,beleza_saude,health_beauty,1,160.0,19.22,179.22,10
098e78de,2018-06-16,PA,moveis_escritorio,office_furniture,2,225.88,91.12,317.0,25
8672c446,2018-06-16,RJ,automotivo,auto,1,58.9,35.76,94.66,6
b865bf62,2018-06-16,MS,pet_shop,pet_shop,1,265.0,59.94,324.94,13
0191ee5d,2018-06-16,SC,automotivo,auto,2,719.96,171.18,891.14,10
5a644293,2018-06-16,SP,moveis_escritorio,office_furniture,1,136.94,18.73,155.67,17
14831530,2018-06-16,BA,eletrodomesticos,home_appliances,1,153.75,23.01,176.76,12
b879d0ee,2018-06-17,SP,cama_mesa_banho,bed_bath_table,1,89.0,14.93,103.93,4
2adb88df,2018-06-17,RS,eletronicos,electronics,1,12.25,15.23,27.48,9
c69e7e59,2018-06-17,SP,pet_shop,pet_shop,1,99.0,22.51,121.51,4
68ebdf4a,2018-06-18,PE,relogios_presentes,watches_gifts,1,190.0,38.24,228.24,8
dd29c320,2018-06-18,SC,consoles_games,consoles_games,1,40.0,22.21,62.21,10
f965447b,2018-06-18,RJ,livros_tecnicos,books_technical,1,76.99,23.34,100.33,10
f9af40e6,2018-06-18,RJ,relogios_presentes,watches_gifts,1,119.0,18.93,137.93,16
fdf60756,2018-06-18,SP,livros_tecnicos,books_technical,1,58.99,13.99,72.98,8
9a1868b5,2018-06-18,SP,beleza_saude,health_beauty,1,110.32,13.43,123.75,4
64eb693e,2018-06-18,GO,esporte_lazer,sports_leisure,1,69.99,19.68,89.67,8
dd3d7dfd,2018-06-18,SP,bebidas,drinks,1,11.49,8.82,20.31,3
863a4a0c,2018-06-18,SP,papelaria,stationery,1,23.9,7.43,31.33,1
c36e554e,2018-06-19,SC,livros_tecnicos,books_technical,1,29.9,19.4,49.3,20
8371302d,2018-06-19,SP,bebes,baby,1,144.9,37.09,181.99,8
f930f5aa,2018-06-19,BA,eletrodomesticos,home_appliances,1,183.75,23.22,206.97,8
c9802358,2018-06-19,RJ,bebes,baby,1,63.99,19.64,83.63,7
8f1a2266,2018-06-19,SP,cama_mesa_banho,bed_bath_table,1,56.1,13.97,70.07,9
f904e148,2018-06-19,SP,perfumaria,perfumery,1,175.0,9.39,184.39,2
6cb20004,2018-06-19,MS,informatica_acessorios,computers_accessories,1,67.99,16.67,84.66,6
fbea1a61,2018-06-19,SP,brinquedos,toys,1,27.49,7.45,34.94,2
8273fd6b,2018-06-20,SP,esporte_lazer,sports_leisure,1,39.9,18.08,57.98,7
44f77123,2018-06-20,SP,automotivo,auto,1,189.0,15.63,204.63,7
eca12996,2018-06-20,SP,cama_mesa_banho,bed_bath_table,1,40.35,13.86,54.21,7
3272770f,2018-06-20,RS,informatica_acessorios,computers_accessories,2,156.49,100.56,257.05,13
a4d36376,2018-06-20,SP,esporte_lazer,sports_leisure,1,16.0,7.39,23.39,2
82e9cdd5,2018-06-20,SP,ferramentas_jardim,garden_tools,4,199.6,83.96,283.56,4
565a27fa,2018-06-20,MS,cama_mesa_banho,bed_bath_table,1,149.0,41.33,190.33,7
a9983822,2018-06-20,SP,construcao_ferramentas_construcao,construction_tools_construction,1,151.3,18.19,169.49,7
4e233b40,2018-06-20,RJ,bebes,baby,1,94.99,18.77,113.76,6
b7705b2f,2018-06-20,MG,beleza_saude,health_beauty,1,23.99,18.27,42.26,4
dacfa847,2018-06-21,SP,esporte_lazer,sports_leisure,1,45.0,18.42,63.42,7
41516363,2018-06-21,RJ,beleza_saude,health_beauty,1,23.99,15.27,39.26,8
18a9c1f9,2018-06-21,SC,beleza_saude,health_beauty,1,23.99,15.27,39.26,7
4b9fdb48,2018-06-21,MG,informatica_acessorios,computers_accessories,1,89.9,19.82,109.72,7
fa73021d,2018-06-21,RS,automotivo,auto,1,479.99,24.66,504.65,12
a25b9ed9,2018-06-21,SP,automotivo,auto,1,369.0,16.16,385.16,3
4c434592,2018-06-21,SP,informatica_acessorios,computers_accessories,1,124.9,14.21,139.11,11
28b031ab,2018-06-22,SP,eletronicos,electronics,2,169.8,23.22,193.02,3
0b704d9b,2018-06-22,SP,beleza_saude,health_beauty,1,168.5,13.84,182.34,9
ccb62528,2018-06-22,SP,beleza_saude,health_beauty,1,330.0,10.47,340.47,4
fe151b6c,2018-06-22,PR,instrumentos_musicais,musical_instruments,1,479.0,37.43,516.43,6
936979ce,2018-06-22,DF,relogios_presentes,watches_gifts,1,119.9,15.94,135.84,11
b6bcb5bd,2018-06-23,SP,beleza_saude,health_beauty,1,349.9,17.55,367.45,11
0c23e216,2018-06-23,RJ,relogios_presentes,watches_gifts,1,49.0,15.44,64.44,5
bfaa65d0,2018-06-23,SP,beleza_saude,health_beauty,1,35.9,23.05,58.95,4
ad6ee947,2018-06-24,SP,beleza_saude,health_beauty,1,31.9,8.97,40.87,4
382b9a32,2018-06-24,SP,beleza_saude,health_beauty,1,35.0,7.51,42.51,3
7ffb2f75,2018-06-24,SP,moveis_decoracao,furniture_decor,1,45.9,7.58,53.48,3
17854cb9,2018-06-24,SP,sinalizacao_e_seguranca,signaling_and_security,1,86.5,8.35,94.85,8
3e361d7b,2018-06-24,SP,beleza_saude,health_beauty,2,239.8,32.44,272.24,8
813bd43a,2018-06-25,SP,esporte_lazer,sports_leisure,1,109.99,9.52,119.51,2
9b308ef7,2018-06-25,SP,beleza_saude,health_beauty,2,220.64,16.06,236.7,7
d0b7e763,2018-06-25,SP,relogios_presentes,watches_gifts,1,65.0,7.72,72.72,4
3a5cc35f,2018-06-25,GO,bebes,baby,1,199.75,35.48,235.23,8
d59dab0b,2018-06-25,ES,casa_construcao,home_construction,1,119.85,23.64,143.49,14
5b06c269,2018-06-25,MG,perfumaria,perfumery,1,118.7,9.34,128.04,1
8fc32fd1,2018-06-25,SC,moveis_sala,furniture_living_room,1,169.99,51.48,221.47,8
beea13c1,2018-06-25,RS,bebes,baby,1,80.38,15.66,96.04,8
d162b6f6,2018-06-25,MG,ferramentas_jardim,garden_tools,1,25.5,19.37,44.87,8
33c72b58,2018-06-26,DF,utilidades_domesticas,housewares,1,89.9,59.86,149.76,13
03368cf3,2018-06-26,RS,moveis_decoracao,furniture_decor,1,102.5,23.52,126.02,8
14f81abb,2018-06-26,ES,telefonia,telephony,1,15.9,15.23,31.13,13
9045c310,2018-06-26,MG,construcao_ferramentas_iluminacao,construction_tools_lights,1,60.0,16.61,76.61,7
5ddb18c0,2018-06-26,BA,cama_mesa_banho,bed_bath_table,1,149.0,73.63,222.63,15
29e51ca4,2018-06-26,SP,fashion_roupa_masculina,fashion_male_clothing,1,169.0,23.98,192.98,7
c4ee04fd,2018-06-27,SP,esporte_lazer,sports_leisure,1,27.49,7.93,35.42,13
0b286112,2018-06-27,RJ,beleza_saude,health_beauty,1,402.35,20.92,423.27,6
91efb21b,2018-06-27,MG,moveis_decoracao,furniture_decor,1,99.9,24.57,124.47,14
5492e5f6,2018-06-27,ES,eletronicos,electronics,1,9.0,18.23,27.23,8
7dac325f,2018-06-27,DF,construcao_ferramentas_seguranca,construction_tools_safety,1,25.0,26.95,51.95,5
6aedb9d0,2018-06-27,MA,bebes,baby,1,169.9,39.46,209.36,26
01d2fc3e,2018-06-27,SP,beleza_saude,health_beauty,1,34.0,13.54,47.54,13
454ecfc5,2018-06-28,PI,telefonia,telephony,1,29.99,22.93,52.92,27
f019a519,2018-06-28,SP,moveis_quarto,furniture_bedroom,1,89.99,18.4,108.39,36
d4e413e0,2018-06-28,SP,eletrodomesticos,home_appliances,1,29.9,11.94,41.84,21
db3d8c47,2018-06-28,RS,casa_construcao,home_construction,1,79.9,19.75,99.65,13
5486a5d8,2018-06-28,SP,cama_mesa_banho,bed_bath_table,2,74.0,27.68,101.68,7
202fb00e,2018-06-28,RS,informatica_acessorios,computers_accessories,1,50.9,18.46,69.36,15
448e3433,2018-06-29,SP,malas_acessorios,luggage_accessories,1,79.0,16.74,95.74,6
069448c0,2018-06-29,SP,esporte_lazer,sports_leisure,1,69.9,17.62,87.52,7
b6c4a66a,2018-06-29,SP,cama_mesa_banho,bed_bath_table,1,57.31,13.98,71.29,10
2f18fee7,2018-06-30,SP,cama_mesa_banho,bed_bath_table,1,199.0,19.69,218.69,13
ccb493a8,2018-06-30,SC,automotivo,auto,1,34.9,8.93,43.83,3
c2a9913d,2018-06-30,SP,eletronicos,electronics,1,13.65,7.39,21.04,3
d152d9b3,2018-06-30,SP,brinquedos,toys,2,35.98,14.78,50.76,3
c5dc3239,2018-07-01,MT,consoles_games,consoles_games,1,45.9,22.25,68.15,10
d6934136,2018-07-01,DF,utilidades_domesticas,housewares,1,44.99,15.42,60.41,8
6d1832bd,2018-07-01,SP,pet_shop,pet_shop,1,129.97,8.49,138.46,3
a61b9456,2018-07-01,RJ,esporte_lazer,sports_leisure,1,135.0,27.9,162.9,10
761635b0,2018-07-01,SP,pet_shop,pet_shop,1,319.0,20.03,339.03,3
e2562a43,2018-07-01,SP,beleza_saude,health_beauty,1,34.9,11.26,46.16,2
55471a53,2018-07-02,SP,pet_shop,pet_shop,1,35.9,18.02,53.92,8
35c20257,2018-07-02,RS,ferramentas_jardim,garden_tools,1,11.49,15.23,26.72,9
197edbaa,2018-07-02,RS,consoles_games,consoles_games,1,296.5,9.66,306.16,9
401de49f,2018-07-02,GO,beleza_saude,health_beauty,1,56.9,22.33,79.23,6
1a868fc0,2018-07-02,SP,beleza_saude,health_beauty,1,135.9,15.26,151.16,4
34eb8479,2018-07-02,MG,beleza_saude,health_beauty,1,69.0,19.67,88.67,8
f8d1bd3e,2018-07-02,RJ,informatica_acessorios,computers_accessories,1,124.89,22.8,147.69,9
ea256823,2018-07-03,BA,beleza_saude,health_beauty,1,70.0,17.42,87.42,20
c0a8ef94,2018-07-03,SP,relogios_presentes,watches_gifts,1,119.0,13.49,132.49,2
08fa939b,2018-07-03,SP,utilidades_domesticas,housewares,2,71.8,18.0,89.8,7
f8dae62c,2018-07-04,BA,automotivo,auto,1,69.9,27.44,97.34,7
12fb2d2b,2018-07-04,SP,beleza_saude,health_beauty,2,220.64,16.06,236.7,8
d0635337,2018-07-04,RS,papelaria,stationery,1,19.99,18.24,38.23,8
6cdd8e55,2018-07-04,SP,relogios_presentes,watches_gifts,1,35.0,7.51,42.51,2
d80f699f,2018-07-04,TO,cama_mesa_banho,bed_bath_table,1,55.9,42.67,98.57,9
4e3cc1c5,2018-07-04,RJ,beleza_saude,health_beauty,1,60.0,18.52,78.52,5
227a77cf,2018-07-04,RJ,automotivo,auto,1,70.0,7.91,77.91,2
7289e899,2018-07-04,SP,utilidades_domesticas,housewares,3,86.34,55.11,141.45,5
de852e80,2018-07-04,SC,beleza_saude,health_beauty,1,37.0,18.36,55.36,8
cdae097a,2018-07-04,SP,bebes,baby,1,899.9,24.07,923.97,15
1bc159c2,2018-07-04,GO,cama_mesa_banho,bed_bath_table,1,74.8,23.32,98.12,7
2df6cb09,2018-07-05,SP,cama_mesa_banho,bed_bath_table,1,149.0,44.84,193.84,7
191fad9a,2018-07-05,PR,livros_interesse_geral,books_general_interest,1,334.9,25.14,360.04,4
730c8393,2018-07-05,MG,esporte_lazer,sports_leisure,3,524.98,65.65,590.63,6
79847bdf,2018-07-05,SP,bebes,baby,1,199.99,10.09,210.08,1
943c7cf0,2018-07-05,SP,eletrodomesticos,home_appliances,1,120.0,9.53,129.53,7
76eb528b,2018-07-05,RJ,beleza_saude,health_beauty,1,64.99,27.74,92.73,27
9e853671,2018-07-05,RS,beleza_saude,health_beauty,1,204.9,19.53,224.43,7
601fb7b5,2018-07-05,CE,beleza_saude,health_beauty,1,399.0,63.07,462.07,5
d6e8c00f,2018-07-05,PR,telefonia,telephony,1,29.99,18.31,48.3,7
26b5d26a,2018-07-05,SP,moveis_cozinha_area_de_servico_jantar_e_jardim,kitchen_dining_laundry_garden_furniture,2,70.0,30.64,100.64,19
2c48969e,2018-07-06,SP,moveis_decoracao,furniture_decor,1,79.99,43.5,123.49,7
743277e5,2018-07-06,SP,papelaria,stationery,2,146.0,23.06,169.06,7
3dafc0be,2018-07-06,SP,informatica_acessorios,computers_accessories,1,22.49,7.42,29.91,5
003edccf,2018-07-07,MA,telefonia,telephony,1,14.0,50.85,64.85,26
0eef7e4e,2018-07-07,SP,esporte_lazer,sports_leisure,1,179.9,49.34,229.24,25
bef03713,2018-07-07,SP,eletroportateis,small_appliances,1,38.62,19.46,58.08,5
618f2dc8,2018-07-07,SP,malas_acessorios,luggage_accessories,1,62.9,16.63,79.53,5
dc20ddee,2018-07-08,SP,beleza_saude,health_beauty,2,59.8,15.58,75.38,5
74945023,2018-07-08,CE,relogios_presentes,watches_gifts,1,78.0,37.46,115.46,15
20672f07,2018-07-08,SP,beleza_saude,health_beauty,1,14.99,7.71,22.7,4
556c0a42,2018-07-09,SP,pet_shop,pet_shop,1,59.9,39.02,98.92,14
a86ccaef,2018-07-09,PR,esporte_lazer,sports_leisure,1,59.9,24.58,84.48,4
d1632cdb,2018-07-09,SP,brinquedos,toys,1,79.9,8.72,88.62,3
01f65c9e,2018-07-09,SP,beleza_saude,health_beauty,1,199.9,20.59,220.49,4
47ce198e,2018-07-09,SP,eletrodomesticos_2,home_appliances_2,1,1129.99,32.89,1162.88,1
f8b5b03c,2018-07-09,RS,beleza_saude,health_beauty,1,49.0,18.44,67.44,14
b2463b22,2018-07-10,SP,informatica_acessorios,computers_accessories,1,139.0,14.31,153.31,10
ee43fa4a,2018-07-10,RJ,bebes,baby,1,29.99,19.4,49.39,24
f5b3403a,2018-07-10,SP,utilidades_domesticas,housewares,1,44.92,15.41,60.33,5
76c5d675,2018-07-11,RS,beleza_saude,health_beauty,1,69.9,22.42,92.32,14
d2b03101,2018-07-11,ES,relogios_presentes,watches_gifts,1,199.9,16.5,216.4,16
977649a0,2018-07-11,PI,pcs,computers,1,770.0,91.24,861.24,16
0bb6d291,2018-07-11,MG,pet_shop,pet_shop,2,211.98,31.68,243.66,2
b42c3979,2018-07-11,SP,perfumaria,perfumery,1,129.89,9.07,138.96,2
d10503ee,2018-07-11,SP,beleza_saude,health_beauty,1,24.9,7.43,32.33,1
49df58ec,2018-07-12,SP,beleza_saude,health_beauty,1,27.9,7.46,35.36,1
5c2630d9,2018-07-12,PR,automotivo,auto,1,24.99,18.28,43.27,14
c49f6b5c,2018-07-12,MT,beleza_saude,health_beauty,1,28.99,22.13,51.12,13
49935c2c,2018-07-12,SP,artes,art,1,99.99,15.01,115.0,11
e051aa19,2018-07-12,RS,eletronicos,electronics,1,88.9,24.97,113.87,3
451bc3a8,2018-07-13,PE,moveis_decoracao,furniture_decor,1,159.0,40.26,199.26,14
bf48c37a,2018-07-13,SP,informatica_acessorios,computers_accessories,1,151.9,19.16,171.06,11
63175a00,2018-07-14,RJ,moveis_decoracao,furniture_decor,1,23.9,18.3,42.2,9
cf08f889,2018-07-14,MG,relogios_presentes,watches_gifts,1,155.97,19.19,175.16,16
e7ce593c,2018-07-14,MG,cama_mesa_banho,bed_bath_table,1,105.99,18.84,124.83,6
d40be4e6,2018-07-14,SP,relogios_presentes,watches_gifts,1,139.0,19.07,158.07,10
a376666b,2018-07-14,SC,construcao_ferramentas_iluminacao,construction_tools_lights,1,169.99,23.99,193.98,9
d4112b98,2018-07-15,RS,beleza_saude,health_beauty,2,167.49,46.66,214.15,10
2cc606fc,2018-07-15,MG,beleza_saude,health_beauty,1,1359.9,31.45,1391.35,15
6c825e27,2018-07-15,SP,esporte_lazer,sports_leisure,1,43.0,12.96,55.96,8
78567659,2018-07-15,MG,cama_mesa_banho,bed_bath_table,1,69.9,23.29,93.19,5
1f04bac5,2018-07-15,SE,cama_mesa_banho,bed_bath_table,1,149.0,51.76,200.76,11
a2e5a4c4,2018-07-15,MT,cine_foto,cine_photo,1,675.99,47.01,723.0,10
d1ec61b5,2018-07-15,SP,informatica_acessorios,computers_accessories,1,34.9,18.34,53.24,4
b92443e9,2018-07-15,ES,utilidades_domesticas,housewares,1,265.0,84.93,349.93,11
5ffeee9d,2018-07-15,SP,brinquedos,toys,1,89.9,13.29,103.19,4
f89be3ed,2018-07-15,RJ,non_renseignee,not_specified,2,99.8,36.9,136.7,8
d8477e03,2018-07-15,PI,brinquedos,toys,1,99.99,27.47,127.46,15
996c7e73,2018-07-16,SP,beleza_saude,health_beauty,1,559.9,28.0,587.9,4
df60585f,2018-07-16,RJ,moveis_decoracao,furniture_decor,2,156.0,83.06,239.06,8
47e7c69b,2018-07-16,MG,bebes,baby,1,31.99,15.32,47.31,7
bca438a9,2018-07-16,SP,brinquedos,toys,1,55.0,18.49,73.49,7
bd40646e,2018-07-16,PR,brinquedos,toys,1,377.9,62.78,440.68,7
b6bb5d08,2018-07-16,MS,construcao_ferramentas_construcao,construction_tools_construction,1,6.1,15.23,21.33,10
a5edec79,2018-07-16,PR,relogios_presentes,watches_gifts,1,99.0,18.79,117.79,7
7a569ceb,2018-07-16,RJ,beleza_saude,health_beauty,1,485.9,25.33,511.23,15
00ba57ae,2018-07-16,RJ,relogios_presentes,watches_gifts,1,130.0,19.01,149.01,9
b3d71a20,2018-07-17,RJ,telefonia,telephony,1,219.0,38.44,257.44,17
3c3757e0,2018-07-17,SP,climatizacao,air_conditioning,1,293.2,23.87,317.07,6
3fc2e32b,2018-07-17,SP,beleza_saude,health_beauty,1,90.0,27.58,117.58,9
73c9b460,2018-07-17,SP,cama_mesa_banho,bed_bath_table,1,17.9,7.87,25.77,3
845a5053,2018-07-17,RJ,pet_shop,pet_shop,1,29.99,22.14,52.13,13
7663c1a8,2018-07-17,SP,cama_mesa_banho,bed_bath_table,1,39.0,13.85,52.85,2
db74facc,2018-07-18,SP,beleza_saude,health_beauty,1,17.0,8.29,25.29,7
22441771,2018-07-18,BA,beleza_saude,health_beauty,1,86.0,22.53,108.53,26
811fb2c7,2018-07-18,MG,beleza_saude,health_beauty,1,49.9,23.11,73.01,5
632b4753,2018-07-18,RJ,eletronicos,electronics,1,103.9,18.53,122.43,7
19e9072a,2018-07-18,SP,perfumaria,perfumery,1,44.0,7.57,51.57,6
fb49153a,2018-07-18,MG,moveis_decoracao,furniture_decor,1,330.0,43.29,373.29,5
41f619c5,2018-07-18,SP,instrumentos_musicais,musical_instruments,1,29.0,15.3,44.3,5
1974ffc6,2018-07-18,SP,beleza_saude,health_beauty,1,29.9,7.47,37.37,3
62c58d2b,2018-07-18,MG,relogios_presentes,watches_gifts,1,249.0,19.84,268.84,6
49c47638,2018-07-18,MG,moveis_decoracao,furniture_decor,1,448.7,23.09,471.79,9
a74e83be,2018-07-18,SP,informatica_acessorios,computers_accessories,1,18.89,17.06,35.95,6
f23a721a,2018-07-18,SP,beleza_saude,health_beauty,2,59.8,14.94,74.74,2
cb668af8,2018-07-18,BA,perfumaria,perfumery,1,69.9,17.42,87.32,8
b0a7e2d7,2018-07-18,SP,sinalizacao_e_seguranca,signaling_and_security,1,195.0,73.59,268.59,2
9a7d7672,2018-07-19,MG,beleza_saude,health_beauty,1,519.9,25.57,545.47,12
6e9b3d58,2018-07-19,SP,beleza_saude,health_beauty,1,21.9,12.81,34.71,8
da027573,2018-07-19,RJ,livros_tecnicos,books_technical,1,40.0,22.21,62.21,11
8718a4ef,2018-07-19,SP,brinquedos,toys,1,9.99,7.39,17.38,4
c5f8296b,2018-07-19,RJ,eletrodomesticos_2,home_appliances_2,1,139.0,20.16,159.16,7
eae81d7a,2018-07-19,RJ,eletrodomesticos_2,home_appliances_2,1,139.0,20.16,159.16,7
44a7b71f,2018-07-19,SP,eletrodomesticos_2,home_appliances_2,1,159.9,18.25,178.15,8
fcddf193,2018-07-19,MG,relogios_presentes,watches_gifts,1,159.9,19.22,179.12,6
4b50fac9,2018-07-19,RJ,esporte_lazer,sports_leisure,1,99.9,16.89,116.79,11
33d7b87d,2018-07-19,BA,automotivo,auto,1,125.0,24.03,149.03,19
b8032632,2018-07-20,SP,esporte_lazer,sports_leisure,1,549.9,18.95,568.85,14
97b7decf,2018-07-20,SP,relogios_presentes,watches_gifts,1,59.0,7.67,66.67,8
d6af6233,2018-07-20,SP,pet_shop,pet_shop,3,323.97,47.58,371.55,7
972976cb,2018-07-20,SP,automotivo,auto,1,26.9,12.85,39.75,19
1fb40f92,2018-07-20,SP,esporte_lazer,sports_leisure,1,215.0,19.61,234.61,6
50021fe1,2018-07-20,SP,pet_shop,pet_shop,1,89.9,19.82,109.72,6
c89b4f89,2018-07-20,DF,informatica_acessorios,computers_accessories,1,28.9,15.3,44.2,13
72c81a6a,2018-07-20,SP,industria_comercio_e_negocios,industry_commerce_and_business,1,150.0,16.35,166.35,4
1f46960a,2018-07-20,SP,automotivo,auto,1,27.9,7.46,35.36,5
69adad59,2018-07-20,RJ,cool_stuff,cool_stuff,1,88.9,17.55,106.45,10
fd58331d,2018-07-20,DF,esporte_lazer,sports_leisure,1,134.99,43.23,178.22,9
875c175e,2018-07-20,SP,moveis_decoracao,furniture_decor,1,166.94,23.88,190.82,37
391e4611,2018-07-21,RN,cama_mesa_banho,bed_bath_table,1,54.72,51.1,105.82,12
add3094f,2018-07-21,SP,beleza_saude,health_beauty,1,24.0,18.27,42.27,5
7e00454e,2018-07-21,SP,consoles_games,consoles_games,1,40.0,18.38,58.38,5
49742953,2018-07-21,SC,telefonia,telephony,1,45.0,18.42,63.42,11
0229bc96,2018-07-21,SP,construcao_ferramentas_construcao,construction_tools_construction,1,45.97,13.9,59.87,6
2296fa4e,2018-07-21,SP,utilidades_domesticas,housewares,1,228.99,10.35,239.34,17
dbf5aec7,2018-07-21,SP,pet_shop,pet_shop,2,59.8,36.62,96.42,5
c533856d,2018-07-21,RJ,eletronicos,electronics,1,139.9,30.78,170.68,9
bd772752,2018-07-21,SP,relogios_presentes,watches_gifts,1,110.0,8.03,118.03,8
f1947038,2018-07-22,PB,informatica_acessorios,computers_accessories,1,349.0,25.59,374.59,12
fe437c07,2018-07-22,MG,telefonia,telephony,1,113.1,15.89,128.99,4
1055cb7f,2018-07-22,PE,esporte_lazer,sports_leisure,1,14.5,19.04,33.54,10
074a6843,2018-07-22,SP,utilidades_domesticas,housewares,1,28.9,12.86,41.76,8
80e834c2,2018-07-22,SP,cama_mesa_banho,bed_bath_table,1,19.9,12.8,32.7,5
05a54467,2018-07-22,PE,cama_mesa_banho,bed_bath_table,2,168.9,62.25,231.15,7
58fda128,2018-07-23,SP,eletronicos,electronics,1,110.9,14.36,125.26,2
c11770b0,2018-07-23,MG,informatica_acessorios,computers_accessories,1,12.88,18.23,31.11,4
a727355a,2018-07-23,SP,eletronicos,electronics,1,19.9,7.4,27.3,2
56e26a90,2018-07-23,SP,livros_interesse_geral,books_general_interest,1,48.9,19.53,68.43,4
c2d986bd,2018-07-23,PE,perfumaria,perfumery,1,682.98,69.23,752.21,11
f3e80ce7,2018-07-23,RJ,informatica_acessorios,computers_accessories,1,59.89,17.35,77.24,5
bec18cf4,2018-07-23,SP,cama_mesa_banho,bed_bath_table,1,49.9,13.93,63.83,6
7170c855,2018-07-23,GO,cama_mesa_banho,bed_bath_table,1,52.9,23.17,76.07,8
cdf3be56,2018-07-23,SP,utilidades_domesticas,housewares,1,29.99,11.23,41.22,2
581ca172,2018-07-24,RS,moveis_escritorio,office_furniture,1,119.98,58.92,178.9,21
964d7960,2018-07-24,SP,eletrodomesticos,home_appliances,1,134.99,13.61,148.6,3
a4122250,2018-07-24,RJ,moveis_decoracao,furniture_decor,1,105.0,22.04,127.04,6
f41a94d6,2018-07-24,PR,telefonia,telephony,1,29.99,15.31,45.3,5
327511e3,2018-07-24,SP,beleza_saude,health_beauty,1,775.0,23.53,798.53,3
53cdb2fc,2018-07-24,BA,perfumaria,perfumery,1,118.7,22.76,141.46,13
9ab18534,2018-07-25,SC,moveis_decoracao,furniture_decor,2,202.0,39.8,241.8,9
91dd5af1,2018-07-25,MG,relogios_presentes,watches_gifts,1,150.0,19.15,169.15,20
633500d0,2018-07-25,RS,utilidades_domesticas,housewares,1,94.6,36.01,130.61,12
ffc730a0,2018-07-25,SP,informatica_acessorios,computers_accessories,1,19.99,7.4,27.39,1
46b54803,2018-07-25,PR,utilidades_domesticas,housewares,1,118.99,22.13,141.12,7
03798f08,2018-07-25,PE,bebes,baby,1,89.99,42.91,132.9,7
5c21b2e9,2018-07-25,SP,beleza_saude,health_beauty,1,199.08,9.55,208.63,2
77ed9647,2018-07-25,AM,informatica_acessorios,computers_accessories,1,24.99,22.9,47.89,7
6c18e891,2018-07-26,SP,papelaria,stationery,1,42.0,8.45,50.45,1
bb99de3a,2018-07-26,MG,informatica_acessorios,computers_accessories,1,64.89,18.55,83.44,4
d4eff664,2018-07-26,SP,perfumaria,perfumery,1,98.8,7.95,106.75,6
57be20dc,2018-07-26,AC,moveis_decoracao,furniture_decor,6,479.4,167.04,646.44,14
d83268be,2018-07-26,SP,cama_mesa_banho,bed_bath_table,1,54.99,14.7,69.69,7
b2e76fc9,2018-07-26,RJ,construcao_ferramentas_construcao,construction_tools_construction,1,36.0,22.18,58.18,7
a92bb0be,2018-07-26,SP,informatica_acessorios,computers_accessories,6,90.0,44.34,134.34,4
0cf80be1,2018-07-26,MG,bebes,baby,1,36.75,18.36,55.11,4
0c70293a,2018-07-26,DF,relogios_presentes,watches_gifts,1,59.0,15.51,74.51,7
3a25790f,2018-07-26,SC,automotivo,auto,1,184.0,24.09,208.09,6
ae8a5696,2018-07-26,PR,relogios_presentes,watches_gifts,1,78.0,18.65,96.65,11
681f6998,2018-07-26,SP,esporte_lazer,sports_leisure,1,29.9,8.96,38.86,3
ce6f76eb,2018-07-26,SP,cama_mesa_banho,bed_bath_table,1,169.9,12.21,182.11,4
50ef6a06,2018-07-28,RJ,automotivo,auto,1,30.99,18.32,49.31,6
5261639b,2018-07-28,SP,cama_mesa_banho,bed_bath_table,1,56.1,13.97,70.07,5
fc703730,2018-07-28,MG,esporte_lazer,sports_leisure,1,39.9,18.38,58.28,8
6f954a91,2018-07-28,SP,automotivo,auto,1,13.3,8.88,22.18,4
0acd987f,2018-07-28,SP,esporte_lazer,sports_leisure,1,19.99,7.4,27.39,3
4f4da993,2018-07-29,PR,informatica_acessorios,computers_accessories,1,46.9,19.52,66.42,4
55af89bd,2018-07-29,DF,perfumaria,perfumery,1,110.0,18.87,128.87,12
ba3794ae,2018-07-29,PR,relogios_presentes,watches_gifts,1,49.0,18.44,67.44,8
233da904,2018-07-29,SP,cama_mesa_banho,bed_bath_table,1,32.9,12.89,45.79,5
f47b9b38,2018-07-29,SP,utilidades_domesticas,housewares,1,36.4,8.42,44.82,3
0ce94e50,2018-07-29,RJ,pet_shop,pet_shop,1,315.0,36.5,351.5,10
debb76d6,2018-07-29,SP,esporte_lazer,sports_leisure,1,33.49,7.97,41.46,7
b276e4f8,2018-07-29,SP,perfumaria,perfumery,1,179.0,9.41,188.41,1
fb2e0a2e,2018-07-30,RN,automotivo,auto,1,1788.0,33.82,1821.82,15
61c3c1cd,2018-07-30,SP,cama_mesa_banho,bed_bath_table,1,57.99,19.6,77.59,5
813a1385,2018-07-30,MG,cama_mesa_banho,bed_bath_table,1,66.9,23.27,90.17,5
3aa0358c,2018-07-30,MG,informatica_acessorios,computers_accessories,1,50.2,22.28,72.48,35
c34abe46,2018-07-30,SP,telefonia,telephony,1,28.99,7.46,36.45,2
830e8eca,2018-07-30,MG,bebes,baby,1,97.15,14.02,111.17,3
41b6d9a8,2018-07-30,SP,telefonia,telephony,2,340.0,51.08,391.08,7
b33010cd,2018-07-30,MG,pet_shop,pet_shop,1,238.99,16.77,255.76,8
8ae7fd72,2018-07-30,MT,cool_stuff,cool_stuff,1,229.99,64.98,294.97,14
d53fe820,2018-07-30,SP,livros_interesse_geral,books_general_interest,1,29.99,8.37,38.36,8
7e96e25e,2018-07-31,MG,relogios_presentes,watches_gifts,1,29.0,15.3,44.3,6
747674a4,2018-07-31,TO,relogios_presentes,watches_gifts,1,74.67,37.43,112.1,16
39b07544,2018-07-31,SP,moveis_decoracao,furniture_decor,2,393.6,27.36,420.96,3
363177bc,2018-07-31,SP,relogios_presentes,watches_gifts,1,164.9,19.25,184.15,6
3d352a1e,2018-07-31,RJ,informatica_acessorios,computers_accessories,1,135.0,17.88,152.88,6
aa7c4f87,2018-07-31,SP,utilidades_domesticas,housewares,1,69.9,19.68,89.58,6
980044cb,2018-08-01,RS,beleza_saude,health_beauty,1,29.9,18.31,48.21,8
38cea9ce,2018-08-01,BA,beleza_saude,health_beauty,1,189.0,23.25,212.25,16
bc535ec5,2018-08-01,SP,automotivo,auto,2,58.82,22.46,81.28,13
7249180b,2018-08-01,DF,relogios_presentes,watches_gifts,1,228.8,16.7,245.5,16
5c60e286,2018-08-01,DF,utilidades_domesticas,housewares,1,78.0,16.74,94.74,7
9b087af1,2018-08-01,SP,utilidades_domesticas,housewares,1,85.0,17.73,102.73,6
4ee4abef,2018-08-01,MG,relogios_presentes,watches_gifts,1,162.9,19.24,182.14,6
c14b0a3f,2018-08-01,SP,informatica_acessorios,computers_accessories,1,54.9,13.72,68.62,18
5c76d134,2018-08-01,ES,cama_mesa_banho,bed_bath_table,1,142.14,23.8,165.94,12
ce9c29ee,2018-08-01,SP,moveis_decoracao,furniture_decor,1,120.0,23.55,143.55,5
fb10c8bc,2018-08-02,MG,telefonia,telephony,1,15.0,19.32,34.32,5
cc0ab0fd,2018-08-02,PI,beleza_saude,health_beauty,1,75.8,23.25,99.05,12
73ab919f,2018-08-02,RS,moveis_decoracao,furniture_decor,1,69.9,106.95,176.85,13
c89a29cb,2018-08-02,MG,telefonia,telephony,1,259.99,19.92,279.91,12
6366ce59,2018-08-02,PR,informatica_acessorios,computers_accessories,1,189.0,19.42,208.42,18
7b351cbc,2018-08-02,SC,telefonia,telephony,1,11.87,18.23,30.1,21
a02dc276,2018-08-02,PB,moveis_decoracao,furniture_decor,1,299.9,34.12,334.02,18
df62ac4b,2018-08-02,RS,eletrodomesticos,home_appliances,1,187.2,24.11,211.31,10
72ebb054,2018-08-02,PR,audio,audio,2,242.9,37.89,280.79,6
3300cd54,2018-08-02,SC,brinquedos,toys,1,121.75,23.65,145.4,6
bc51cd3b,2018-08-03,SP,bebes,baby,1,28.0,8.36,36.36,1
5c7cd811,2018-08-03,SP,perfumaria,perfumery,1,49.0,18.44,67.44,12
6e4ee1e1,2018-08-03,SP,esporte_lazer,sports_leisure,1,239.0,24.47,263.47,10
783058ad,2018-08-03,PB,beleza_saude,health_beauty,1,55.0,51.11,106.11,17
4e724a5c,2018-08-03,SP,utilidades_domesticas,housewares,1,69.0,14.79,83.79,6
00a379df,2018-08-03,SP,papelaria,stationery,1,15.99,7.39,23.38,6
3e8beb10,2018-08-03,SP,beleza_saude,health_beauty,1,50.75,7.62,58.37,4
8137dd2e,2018-08-03,RJ,telefonia,telephony,1,29.99,15.31,45.3,9
8c0d6c9f,2018-08-03,MG,moveis_decoracao,furniture_decor,1,101.0,19.9,120.9,10
f850238d,2018-08-04,RJ,utilidades_domesticas,housewares,1,157.9,19.26,177.16,7
728f6c4b,2018-08-04,SC,instrumentos_musicais,musical_instruments,1,185.9,19.4,205.3,6
193d998b,2018-08-04,MG,agro_industria_e_comercio,agro_industry_and_commerce,1,1899.0,79.18,1978.18,10
5f4c10d4,2018-08-04,MS,construcao_ferramentas_iluminacao,construction_tools_lights,1,169.99,23.99,193.98,12
aaa2176c,2018-08-04,SP,esporte_lazer,sports_leisure,1,43.9,12.97,56.87,4
edf195e1,2018-08-04,SC,telefonia,telephony,1,170.0,53.54,223.54,16
1431c3ed,2018-08-04,SP,moveis_decoracao,furniture_decor,4,199.6,69.92,269.52,4
8ea80337,2018-08-04,SP,bebes,baby,1,134.9,9.69,144.59,3
086986d3,2018-08-04,SP,papelaria,stationery,1,229.9,14.91,244.81,2
0ea5fe49,2018-08-04,SP,informatica_acessorios,computers_accessories,1,129.0,16.0,145.0,4
c98f20eb,2018-08-05,SP,livros_interesse_geral,books_general_interest,1,74.9,13.18,88.08,12
41f02d99,2018-08-05,RJ,pet_shop,pet_shop,1,29.9,7.63,37.53,8
50da5576,2018-08-05,MG,beleza_saude,health_beauty,1,69.9,18.59,88.49,11
1ad01a79,2018-08-05,MG,construcao_ferramentas_jardim,costruction_tools_garden,2,109.0,29.36,138.36,2
9951937a,2018-08-05,RJ,informatica_acessorios,computers_accessories,1,79.9,22.49,102.39,9
a111f1d1,2018-08-05,SP,informatica_acessorios,computers_accessories,1,105.0,9.49,114.49,8
edf97e2c,2018-08-05,SP,utilidades_domesticas,housewares,1,17.9,7.39,25.29,2
4b431346,2018-08-06,BA,relogios_presentes,watches_gifts,1,145.0,22.95,167.95,15
08bf457a,2018-08-06,MG,cama_mesa_banho,bed_bath_table,1,74.0,23.32,97.32,3
4dda81f6,2018-08-06,MG,automotivo,auto,1,95.9,23.47,119.37,5
e5db7bda,2018-08-06,SP,utilidades_domesticas,housewares,1,32.0,8.97,40.97,2
0a00e9b0,2018-08-06,RJ,informatica_acessorios,computers_accessories,2,99.8,74.52,174.32,9
ab4b37a7,2018-08-06,RS,instrumentos_musicais,musical_instruments,3,128.7,46.2,174.9,8
318f17dd,2018-08-06,SP,perfumaria,perfumery,1,36.9,18.36,55.26,7
cd5d8964,2018-08-06,SC,cama_mesa_banho,bed_bath_table,1,149.0,24.26,173.26,6
83473068,2018-08-06,SP,beleza_saude,health_beauty,1,124.9,9.62,134.52,1
717255f4,2018-08-06,SP,beleza_saude,health_beauty,1,180.0,16.36,196.36,7
48f1b7e2,2018-08-07,SP,construcao_ferramentas_iluminacao,construction_tools_lights,1,29.99,12.87,42.86,6
02cb7027,2018-08-07,PA,papelaria,stationery,1,135.9,23.67,159.57,10
959e7a4f,2018-08-07,MG,perfumaria,perfumery,1,109.9,14.11,124.01,3
64c43896,2018-08-07,BA,audio,audio,1,129.0,22.83,151.83,10
5128bbf1,2018-08-07,SP,automotivo,auto,1,28.99,7.46,36.45,5
9d8a5f2b,2018-08-08,SP,informatica_acessorios,computers_accessories,1,149.0,20.23,169.23,5
e6eea6fe,2018-08-08,SP,utilidades_domesticas,housewares,2,138.89,20.73,159.62,2
280a1ee2,2018-08-08,SP,livros_interesse_geral,books_general_interest,1,115.0,18.91,133.91,8
21f76c9c,2018-08-08,MG,eletrodomesticos,home_appliances,1,35.0,22.18,57.18,9
c7387d86,2018-08-08,PE,relogios_presentes,watches_gifts,3,134.0,57.68,191.68,7
f13789f4,2018-08-08,RS,informatica_acessorios,computers_accessories,1,54.9,7.96,62.86,2
f060d1ee,2018-08-08,BA,pet_shop,pet_shop,1,94.9,23.81,118.71,13
d18615ef,2018-08-09,RJ,malas_acessorios,luggage_accessories,1,129.9,41.89,171.79,7
deaad56e,2018-08-09,MG,brinquedos,toys,1,69.99,15.59,85.58,6
4924d406,2018-08-09,SP,informatica_acessorios,computers_accessories,1,179.9,25.61,205.51,6
4590ff46,2018-08-09,SP,moveis_sala,furniture_living_room,1,169.9,31.99,201.89,11
9c64b353,2018-08-09,SP,cama_mesa_banho,bed_bath_table,5,268.96,99.08,368.04,12
96ba3cca,2018-08-09,SP,eletrodomesticos,home_appliances,1,11.19,7.87,19.06,13
ece7d8cc,2018-08-09,SC,utilidades_domesticas,housewares,1,138.0,67.5,205.5,11
4f757149,2018-08-09,SP,utilidades_domesticas,housewares,1,57.9,11.43,69.33,4
ac4cac02,2018-08-10,RS,esporte_lazer,sports_leisure,1,44.0,18.41,62.41,10
88a82da4,2018-08-10,RJ,utilidades_domesticas,housewares,1,25.0,15.28,40.28,10
f9ccaff7,2018-08-10,RJ,non_renseignee,not_specified,1,3.0,15.23,18.23,12
0858bbf6,2018-08-10,SP,fashion_bolsas_e_acessorios,fashion_bags_accessories,1,39.9,7.54,47.44,3
4454ffbb,2018-08-10,PR,beleza_saude,health_beauty,1,330.0,20.41,350.41,10
b8dbf67f,2018-08-10,MS,brinquedos,toys,1,199.99,24.55,224.54,19
0cd74b0d,2018-08-10,GO,beleza_saude,health_beauty,1,122.99,53.21,176.2,19
de249955,2018-08-11,SP,bebes,baby,1,97.05,15.78,112.83,6
f30d59d0,2018-08-11,SC,consoles_games,consoles_games,2,150.0,37.26,187.26,18
71afd4d3,2018-08-11,PR,informatica_acessorios,computers_accessories,1,199.0,19.49,218.49,11
e11c61aa,2018-08-11,GO,eletronicos,electronics,2,51.78,36.56,88.34,10
bcaa7f72,2018-08-12,SP,pet_shop,pet_shop,1,128.0,8.16,136.16,2
ea7e5e95,2018-08-12,SP,pet_shop,pet_shop,1,94.9,16.93,111.83,2
b6760dcf,2018-08-12,SP,beleza_saude,health_beauty,1,118.44,11.85,130.29,5
45ea6967,2018-08-12,RJ,esporte_lazer,sports_leisure,1,38.0,121.95,159.95,7
291036f4,2018-08-12,MG,fashion_bolsas_e_acessorios,fashion_bags_accessories,1,109.9,18.87,128.77,7
b12634fb,2018-08-13,MG,esporte_lazer,sports_leisure,1,69.0,13.82,82.82,3
30a75160,2018-08-13,RS,utilidades_domesticas,housewares,1,79.9,15.66,95.56,9
92758826,2018-08-13,RJ,cama_mesa_banho,bed_bath_table,1,80.0,19.75,99.75,7
a7c7a7ef,2018-08-13,MT,fashion_bolsas_e_acessorios,fashion_bags_accessories,1,29.99,22.93,52.92,11
99907bf1,2018-08-13,RS,informatica_acessorios,computers_accessories,1,59.0,19.32,78.32,7
3b2639c1,2018-08-13,RN,relogios_presentes,watches_gifts,1,249.9,52.47,302.37,11
5b8dcad7,2018-08-13,SP,utilidades_domesticas,housewares,1,240.0,19.85,259.85,4
7c55b414,2018-08-14,RJ,moveis_decoracao,furniture_decor,1,115.9,18.61,134.51,22
7f8d9a73,2018-08-14,RJ,construcao_ferramentas_iluminacao,construction_tools_lights,1,169.99,23.99,193.98,13
a6a55e24,2018-08-14,SP,cama_mesa_banho,bed_bath_table,1,59.9,9.17,69.07,3
b6969182,2018-08-14,DF,bebes,baby,1,63.99,16.64,80.63,8
83f897bf,2018-08-14,SP,utilidades_domesticas,housewares,1,179.9,26.24,206.14,3
09195dde,2018-08-14,SP,brinquedos,toys,1,87.99,9.37,97.36,2
ac6ee8b3,2018-08-14,RJ,malas_acessorios,luggage_accessories,1,83.9,18.39,102.29,9
d7792243,2018-08-14,MS,telefonia,telephony,1,24.99,15.28,40.27,16
34688497,2018-08-14,SP,esporte_lazer,sports_leisure,1,139.0,14.55,153.55,21
1f0e3e7a,2018-08-15,SP,relogios_presentes,watches_gifts,1,153.9,13.74,167.64,29
1e2f320a,2018-08-15,SP,moveis_decoracao,furniture_decor,1,29.99,12.51,42.5,14
27a95053,2018-08-15,SP,relogios_presentes,watches_gifts,1,78.0,7.81,85.81,2
9226ec39,2018-08-15,SP,utilidades_domesticas,housewares,2,138.0,18.46,156.46,5
e4ace388,2018-08-15,SP,fashion_bolsas_e_acessorios,fashion_bags_accessories,1,29.99,12.87,42.86,7
d3f6f79b,2018-08-15,SP,papelaria,stationery,1,138.0,9.72,147.72,7
a8cdf6bc,2018-08-15,PR,construcao_ferramentas_ferramentas,costruction_tools_tools,1,12.5,18.23,30.73,5
5c2c3051,2018-08-15,SP,cama_mesa_banho,bed_bath_table,1,149.0,44.84,193.84,11
7d95b7b7,2018-08-15,MG,telefonia,telephony,1,55.0,18.49,73.49,7
0b84f3f6,2018-08-15,SP,utilidades_domesticas,housewares,1,46.0,14.62,60.62,8
0103878b,2018-08-16,SP,cama_mesa_banho,bed_bath_table,1,229.99,35.37,265.36,6
9fce4af6,2018-08-16,RJ,esporte_lazer,sports_leisure,2,72.88,38.76,111.64,12
fbdb43f2,2018-08-16,SP,informatica_acessorios,computers_accessories,3,83.97,38.58,122.55,7
a5406e92,2018-08-16,SP,relogios_presentes,watches_gifts,1,78.0,7.81,85.81,4
269ad8ed,2018-08-16,RJ,alimentos,food,1,80.49,15.66,96.15,6
52533788,2018-08-16,GO,moveis_decoracao,furniture_decor,1,75.0,23.33,98.33,14
f6eff1e7,2018-08-16,SP,esporte_lazer,sports_leisure,1,369.9,14.89,384.79,4
ea06b594,2018-08-16,SP,fraldas_higiene,diapers_and_hygiene,1,46.0,12.98,58.98,6
52dbb0b4,2018-08-16,RS,beleza_saude,health_beauty,1,54.9,18.48,73.38,11
29366ce4,2018-08-16,SP,telefonia,telephony,1,161.0,8.39,169.39,3
7d8cd4ac,2018-08-16,PE,informatica_acessorios,computers_accessories,1,22.32,22.88,45.2,11
c754df66,2018-08-16,SP,beleza_saude,health_beauty,1,49.9,9.1,59.0,4
7e68991a,2018-08-16,PE,relogios_presentes,watches_gifts,1,44.0,19.22,63.22,12
6b5dacee,2018-08-17,RJ,relogios_presentes,watches_gifts,1,160.0,19.22,179.22,7
34761096,2018-08-17,SP,moveis_decoracao,furniture_decor,1,299.9,14.4,314.3,1
6e424a06,2018-08-17,MT,beleza_saude,health_beauty,1,12.0,22.06,34.06,6
ede6a833,2018-08-17,SP,alimentos,food,2,200.0,37.6,237.6,5
1b9411e1,2018-08-17,MG,beleza_saude,health_beauty,1,95.0,15.77,110.77,10
d34bc7b7,2018-08-18,PR,construcao_ferramentas_construcao,construction_tools_construction,1,46.99,23.13,70.12,5
4021cd76,2018-08-18,SP,moveis_decoracao,furniture_decor,1,135.0,8.21,143.21,10
f0343472,2018-08-18,ES,moveis_decoracao,furniture_decor,1,109.9,27.07,136.97,11
ea33cd2a,2018-08-18,PR,artigos_de_natal,christmas_supplies,1,35.0,19.44,54.44,8
a1f33ae0,2018-08-18,DF,ferramentas_jardim,garden_tools,1,160.75,22.43,183.18,8
09fd9b04,2018-08-18,PE,construcao_ferramentas_jardim,costruction_tools_garden,1,144.9,65.46,210.36,10
6aa3386e,2018-08-18,SP,cool_stuff,cool_stuff,1,55.9,9.14,65.04,3
5d0b303a,2018-08-18,SP,construcao_ferramentas_iluminacao,construction_tools_lights,2,36.0,36.46,72.46,5
c44fc56b,2018-08-19,SP,perfumaria,perfumery,1,244.0,10.46,254.46,4
650b025c,2018-08-19,SP,informatica_acessorios,computers_accessories,2,270.0,32.1,302.1,8
ccb5c199,2018-08-19,SP,brinquedos,toys,1,68.8,11.5,80.3,4
b287f7a2,2018-08-19,MG,brinquedos,toys,1,160.0,71.41,231.41,3
f0985445,2018-08-20,SP,papelaria,stationery,1,139.0,9.13,148.13,3
2466042f,2018-08-20,ES,informatica_acessorios,computers_accessories,1,119.99,51.13,171.12,7
87889791,2018-08-20,MG,perfumaria,perfumery,1,244.0,20.9,264.9,7
1f02df2b,2018-08-20,RJ,moveis_quarto,furniture_bedroom,1,169.0,33.66,202.66,6
51f3f923,2018-08-20,SP,cama_mesa_banho,bed_bath_table,1,212.5,21.05,233.55,7
54623479,2018-08-21,RS,bebes,baby,1,59.99,18.22,78.21,8
eaa3f732,2018-08-21,MG,brinquedos,toys,1,33.0,23.03,56.03,3
ba7da664,2018-08-21,MG,perfumaria,perfumery,1,186.6,17.5,204.1,7
f162504b,2018-08-21,RS,utilidades_domesticas,housewares,1,179.0,27.99,206.99,8
c477fc53,2018-08-21,MG,beleza_saude,health_beauty,1,157.99,34.87,192.86,6
2ed40a95,2018-08-21,SP,esporte_lazer,sports_leisure,1,42.31,7.56,49.87,2
94302f2c,2018-08-21,SP,ferramentas_jardim,garden_tools,1,119.77,21.48,141.25,7
9cea6943,2018-08-22,MG,bebes,baby,1,149.9,27.35,177.25,7
656a18a8,2018-08-22,SP,beleza_saude,health_beauty,1,95.0,7.93,102.93,5
09c55723,2018-08-22,PR,cama_mesa_banho,bed_bath_table,2,178.0,46.84,224.84,6
372e38c4,2018-08-22,PR,automotivo,auto,1,37.99,19.46,57.45,6
f0f7dc24,2018-08-22,SP,brinquedos,toys,1,36.82,12.92,49.74,5
597c2563,2018-08-22,SP,utilidades_domesticas,housewares,1,62.9,11.46,74.36,1
c177f5a6,2018-08-22,SC,instrumentos_musicais,musical_instruments,1,59.9,46.72,106.62,7
1ee14212,2018-08-22,DF,eletronicos,electronics,1,149.9,30.85,180.75,7
f366be74,2018-08-23,PR,artigos_de_festas,party_supplies,1,60.0,23.22,83.22,7
6054b24d,2018-08-23,PR,utilidades_domesticas,housewares,1,98.0,9.82,107.82,4
0913c46b,2018-08-23,MG,pet_shop,pet_shop,1,128.0,19.0,147.0,7
44879a8f,2018-08-23,RJ,relogios_presentes,watches_gifts,1,19.99,18.24,38.23,6
051d564c,2018-08-23,SP,beleza_saude,health_beauty,1,585.0,37.86,622.86,6
7fff8403,2018-08-23,SP,livros_interesse_geral,books_general_interest,1,30.0,7.47,37.47,4
f358900c,2018-08-24,SP,alimentos,food,1,109.9,9.52,119.42,3
71f78dbe,2018-08-24,RJ,esporte_lazer,sports_leisure,1,24.0,7.59,31.59,5
b2f832c9,2018-08-25,SP,construcao_ferramentas_iluminacao,construction_tools_lights,1,30.0,8.37,38.37,3
26e2db0b,2018-08-26,SP,utilidades_domesticas,housewares,2,139.8,42.26,182.06,4
6359393f,2018-08-26,SP,utilidades_domesticas,housewares,1,169.0,20.37,189.37,3
796033ff,2018-08-26,SP,fraldas_higiene,diapers_and_hygiene,1,139.89,19.08,158.97,3
93665186,2018-08-26,SP,bebes,baby,1,48.9,9.09,57.99,4
bcddcd2f,2018-08-26,MG,audio,audio,1,14.9,15.23,30.13,3
efebff1d,2018-08-26,DF,beleza_saude,health_beauty,1,330.0,17.41,347.41,1
8944b171,2018-08-27,SP,alimentos,food,1,85.9,8.76,94.66,2
baf4bb57,2018-08-27,SP,brinquedos,toys,1,79.9,29.31,109.21,2
e6f6345c,2018-08-27,SP,non_renseignee,not_specified,1,29.99,7.47,37.46,3
a966954f,2018-08-27,SP,utilidades_domesticas,housewares,1,49.9,9.1,59.0,1
c89cc188,2018-08-27,SP,cama_mesa_banho,bed_bath_table,1,274.9,26.9,301.8,1
d5cce452,2018-08-27,MG,utilidades_domesticas,housewares,1,49.9,9.48,59.38,2
f4a89254,2018-08-28,SP,esporte_lazer,sports_leisure,1,14.9,7.39,22.29,1
6d6783e9,2018-08-28,SP,beleza_saude,health_beauty,1,29.9,7.47,37.37,1
e7c290bf,2018-08-28,SP,construcao_ferramentas_jardim,costruction_tools_garden,2,79.98,18.06,98.04,1
